id,module_id,name,difficulty,core,summary,prerequisites,objectives,boundaries,provenance
RAG-M01-N01,RAG-M01,RAG的定义、目标与边界,1,True,RAG是在生成前检索外部知识，并让生成模型在证据约束下完成回答或资源生成的系统方法。它的价值是知识可更新、证据可追踪和任务上下文可控，而不是保证模型永不出错。,[],"[""解释RAG中参数化记忆与外部非参数化记忆的分工"", ""识别RAG适合解决的问题与不能自动解决的问题"", ""说明检索证据、生成答案和来源引用之间的关系""]","[""不把RAG等同于模型微调"", ""不承诺绝对零幻觉"", ""知识库外问题应拒答或转人工""]",
RAG-M01-N02,RAG-M01,RAG端到端流水线与责任分层,1,True,生产级RAG不是一次模型调用，而是离线知识工程与在线查询链路共同组成的系统。每个阶段都必须有版本、日志和可独立评测的契约。,"[""RAG-M01-N01""]","[""画出数据接入、索引、检索、上下文构建、生成、审核和反馈链路"", ""区分离线知识构建与在线查询"", ""为每个阶段指定输入输出和质量指标""]","[""在线流程不得使用未发布知识版本"", ""关键状态必须可回放"", ""每个环节必须有失败和降级路径""]",
RAG-M01-N03,RAG-M01,RAG、微调、长上下文与工具调用的选择,2,True,RAG适合外部知识注入和来源追溯，微调更适合稳定行为模式，长上下文适合一次性材料，工具调用适合执行可验证操作。架构选择应由问题特征而不是技术热度决定。,"[""RAG-M01-N01""]","[""根据知识变化、行为风格和工具执行需求选择方案"", ""理解多种方法可以组合而非互斥"", ""避免用微调承担高频事实更新""]","[""方案选择必须记录业务前提"", ""实时数据优先使用工具查询"", ""高频更新事实不得只依赖微调记忆""]",
RAG-M01-N04,RAG-M01,需求分析、成功指标与RAG架构决策,2,True,RAG项目应从用户任务、答案证据和失败代价出发。没有固定评测集和门禁，系统无法证明改动有效，也无法决定何时使用普通混合检索、层级检索、图检索或结构化查询。,"[""RAG-M01-N02"", ""RAG-M01-N03""]","[""把模糊需求转化为可评测问题集"", ""定义准确性、时延、成本、安全和可维护性指标"", ""根据知识形态选择检索与索引策略""]","[""每项指标必须给出计算口径"", ""评测集需版本化并防止泄漏"", ""架构选择必须能回溯到知识形态和问题类型""]",
RAG-M02-N01,RAG-M02,知识源治理、可信等级与准入,1,True,知识库质量首先取决于来源，而不是向量模型。每份资料都应有来源、所有者、适用范围、版本、授权状态和失效条件，模型生成的内容不能自动升级为权威事实。,"[""RAG-M01-N04""]","[""建立来源登记、授权和可信等级制度"", ""区分原始来源、派生内容和模型生成内容"", ""定义冲突、过期和撤回处理流程""]","[""未授权敏感资料不得入库"", ""模型生成草稿不得自动发布"", ""过期来源必须支持撤回与影响分析""]",
RAG-M02-N02,RAG-M02,文档解析、清洗与结构保真,2,True,解析阶段必须尽可能保留标题层级、列表、表格、代码块和页码等结构。错误解析会污染后续所有切片和检索，不能靠更强模型自动弥补。,"[""RAG-M02-N01""]","[""区分文本提取、OCR和版面结构解析"", ""处理页眉页脚、断行、表格、代码和扫描件"", ""建立解析质量门禁""]","[""保留原始文件和解析版本"", ""关键资料解析失败必须阻断发布"", ""OCR结果需标记置信度与人工复核状态""]",
RAG-M02-N03,RAG-M02,切片策略、语义边界与父子结构,2,True,切片不是简单按固定字符截断，而是把资料转化为可独立检索、又保留必要上下文的证据单元。最佳策略需要用真实问题集评测，不能只凭经验设置长度。,"[""RAG-M02-N02""]","[""根据内容类型选择固定、递归、语义、层级或代码切片"", ""理解chunk size与overlap的召回和噪声权衡"", ""设计父子节点与前后关系""]","[""切片必须保留来源位置"", ""参数变更要创建新索引版本"", ""不得把表头、否定条件与正文分离""]",
RAG-M02-N04,RAG-M02,元数据、版本、血缘与知识发布,3,True,元数据是知识库治理与检索控制面。一个可发布的知识版本应固定文档、切片、索引、嵌入模型、图结构、评测结果和审批记录，不能在运行中悄然变化。,"[""RAG-M02-N01"", ""RAG-M02-N03""]","[""设计检索、权限、引用和回滚所需元数据"", ""实现不可变知识版本和激活指针"", ""追踪原始资料到最终证据的血缘""]","[""发布版本不可原地修改"", ""所有引用必须可追溯"", ""权限标签必须在检索前过滤而非生成后遮盖""]",
RAG-M03-N01,RAG-M03,文本嵌入、向量表示与相似度,2,True,文本嵌入把查询和知识片段映射到向量空间，使语义相近内容可以通过距离或相似度检索。模型语言、领域、维度和归一化方式必须与索引及评测保持一致。,"[""RAG-M02-N03""]","[""解释嵌入向量用于表示语义相似性的基本机制"", ""区分余弦相似度、内积和欧氏距离"", ""设计嵌入模型选型与离线评测""]","[""嵌入模型和预处理必须记录版本"", ""专有编号和精确术语需结合关键词检索"", ""模型更换必须重建索引""]",
RAG-M03-N02,RAG-M03,向量存储、精确搜索、HNSW与IVFFlat,3,True,向量存储负责保存嵌入和执行最近邻搜索。精确搜索提供基准召回；HNSW通常有较好的速度-召回权衡但构建和内存成本较高；IVFFlat构建更轻但需要训练和调参。,"[""RAG-M03-N01"", ""RAG-M02-N04""]","[""在PostgreSQL/pgvector中存储和查询向量"", ""理解精确检索与近似检索的权衡"", ""根据数据量、更新频率和过滤条件选择索引""]","[""上线前必须有精确检索基线"", ""租户和权限过滤不可省略"", ""索引参数变更必须进入版本记录""]",
RAG-M03-N03,RAG-M03,BM25、关键词检索与精确术语召回,2,True,关键词检索根据词项出现和区分度排序，擅长编号、产品名、错误码、函数名和罕见术语。它与向量检索互补，是混合检索不可缺少的基线。,"[""RAG-M02-N03""]","[""解释稀疏检索对精确词项的价值"", ""识别分词、停用词和领域词典对中文检索的影响"", ""设计关键词检索基线""]","[""保留原始查询与规范化查询"", ""领域词典需要版本化"", ""关键词权重需通过评测调整""]",
RAG-M03-N04,RAG-M03,混合检索、分数融合与RRF,3,True,混合检索利用关键词的精确匹配和向量的语义匹配。RRF按照多个结果列表中的排名融合，不要求原始分数位于同一尺度，适合作为稳定基线。,"[""RAG-M03-N01"", ""RAG-M03-N03""]","[""组合关键词和向量检索结果"", ""理解分数归一化与基于排名融合的差异"", ""通过固定评测集确定融合参数""]","[""融合前保留原始排名"", ""禁止跨权限融合"", ""必须报告单路与混合的消融结果""]",
RAG-M04-N01,RAG-M04,查询理解、意图识别与查询改写,2,True,用户问题往往包含省略、上下文指代、拼写和多个子问题。查询处理应在不改变原意的前提下生成检索计划，并保留原始问题用于审计。,"[""RAG-M03-N04""]","[""识别定义、比较、步骤、故障、多跳和拒答意图"", ""把口语、指代和缩写转换为可检索表达"", ""控制查询扩展避免语义漂移""]","[""关键限定词不得丢失"", ""每次改写要可追踪"", ""高不确定性优先追问或多路检索""]",
RAG-M04-N02,RAG-M04,元数据过滤、租户隔离与权限检索,3,True,权限必须在检索层实施，而不是先检索敏感内容再让生成模型“不要显示”。所有查询都应绑定调用者、组织、激活知识版本和允许的安全标签。,"[""RAG-M02-N04"", ""RAG-M04-N01""]","[""在召回前应用租户、角色、版本和有效期过滤"", ""防止检索侧数据越权"", ""验证过滤与近似索引的交互""]","[""权限条件由后端注入且不可被Agent覆盖"", ""拒绝日志不得包含敏感正文"", ""版本和有效期过滤为强制字段""]",
RAG-M04-N03,RAG-M04,候选重排、交叉编码器与多阶段检索,3,True,第一阶段检索追求召回，重排阶段用更精细的查询-片段交互提高头部相关性。重排不是替代召回；候选中没有正确证据时，再强的重排也无法恢复。,"[""RAG-M03-N04"", ""RAG-M04-N02""]","[""理解召回与精排的职责差异"", ""设计候选池和重排top-n参数"", ""测量重排收益、时延和失败模式""]","[""保留重排前后排名"", ""候选池参数需版本化"", ""重排超时必须有降级路径""]",
RAG-M04-N04,RAG-M04,上下文选择、压缩、排序与引用封装,4,True,最终送入模型的不是检索结果列表，而是经过权限校验、去重、冲突标记、压缩和排序的证据包。更多上下文不一定更好，关键证据应保持完整并可引用。,"[""RAG-M04-N03""]","[""在token预算内选择高价值证据"", ""处理重复、冲突和长上下文位置问题"", ""构建带证据ID的上下文包""]","[""关键条件不得因压缩丢失"", ""证据包必须可复现"", ""冲突证据不得静默合并""]",
RAG-M05-N01,RAG-M05,证据约束生成、引用与答案结构,2,True,可信生成要求模型明确知道可用证据、允许的任务和禁止扩写范围。答案中的关键专业结论应绑定证据，推断应被标注，证据不足时不能用常识补齐。,"[""RAG-M04-N04""]","[""设计只基于证据生成的提示和输出结构"", ""把关键陈述与evidence_id绑定"", ""区分事实陈述、推断和教学改写""]","[""无证据的专业陈述不得发布"", ""类比必须标记其边界"", ""输出先过Schema再进入事实审核""]",
RAG-M05-N02,RAG-M05,证据不足、拒答、追问与人工转交,2,True,可信系统必须知道何时不回答。证据不足不应被视为失败，而应触发扩大检索、澄清问题、说明知识边界或转人工的确定性策略。,"[""RAG-M05-N01""]","[""定义证据充分性和拒答阈值"", ""区分拒答、追问、扩大检索和人工审核"", ""避免系统自信回答知识库外问题""]","[""高风险无证据必须拒答或转人工"", ""拒答不得暴露受限资料"", ""每次拒答记录原因代码""]",
RAG-M05-N03,RAG-M05,幻觉分类、事实审核与交叉验证,3,True,幻觉不能只用一个总分表示。审核应逐项识别无证据陈述、与证据矛盾、引用不支持、条件丢失、数值或代码错误，并给出通过、修改、补检索或人工审核动作。,"[""RAG-M05-N01"", ""RAG-M05-N02""]","[""区分无依据、矛盾、引用错配和过度概括"", ""设计审核智能体的独立证据检查"", ""计算专业知识谬误率""]","[""审核不得只使用生成器摘要"", ""阻断级问题禁止自动发布"", ""谬误率必须使用固定口径""]",
RAG-M05-N04,RAG-M05,提示注入、不可信文档与知识库安全,4,True,RAG会把外部文档送入模型，因此文档中的恶意指令可能影响模型。所有检索内容都应被视为不可信数据，不能获得系统指令或工具权限。,"[""RAG-M02-N01"", ""RAG-M04-N02"", ""RAG-M05-N03""]","[""识别用户直接注入和文档间接注入"", ""把知识内容与系统指令隔离"", ""设计输入、工具、输出和发布多层防线""]","[""检索证据永远视为不可信数据"", ""Agent不得从文档获得额外权限"", ""可疑来源先隔离后审核""]",
RAG-M06-N01,RAG-M06,检索评测：Hit Rate、Recall、MRR与nDCG,2,True,检索评测必须脱离生成模型单独进行。Hit Rate关注是否命中，Recall关注相关证据覆盖，MRR关注首个相关结果位置，nDCG考虑多级相关性和排序。,"[""RAG-M01-N04"", ""RAG-M04-N03""]","[""构建查询与相关证据标注集"", ""计算常用检索指标并解释差异"", ""按查询类型定位检索失败""]","[""测试集需固定版本"", ""标注需保留依据"", ""发布报告必须包含分类型指标""]",
RAG-M06-N02,RAG-M06,生成评测：忠实度、引用、完整性与适配,3,True,生成评测应判断答案是否被证据支持、是否覆盖任务要求、引用是否准确、表达是否适合目标学习者。一个答案可能事实正确但不完整，也可能难度错配。,"[""RAG-M05-N03"", ""RAG-M06-N01""]","[""分解答案为可验证专业陈述"", ""评估证据忠实度和引用支持关系"", ""测量学习者画像与资源难度适配""]","[""专业谬误率需人工或权威规则确认"", ""自动评审Prompt和模型要版本化"", ""适配评测必须覆盖多类画像""]",
RAG-M06-N03,RAG-M06,端到端回归、消融实验与发布门禁,3,True,RAG系统的改动可能改善一个指标同时损害另一个。每次知识、切片、嵌入、检索、重排、Prompt或模型变更，都应在固定数据集上回归并与基线比较。,"[""RAG-M06-N01"", ""RAG-M06-N02""]","[""建立版本级回归流程"", ""通过消融识别每个组件真实贡献"", ""定义阻断发布的质量门禁""]","[""回归数据集不可随意删除失败案例"", ""阻断门禁需负责人批准变更"", ""报告必须保留基线版本""]",
RAG-M06-N04,RAG-M06,可观测性、成本、时延与故障定位,4,True,生产RAG需要把一次请求拆解为可观测事件。关联ID、知识版本、检索结果、模型调用、审核和决策必须串联，才能解释系统为何给出某个结果。,"[""RAG-M01-N02"", ""RAG-M06-N03""]","[""设计跨后端、检索、Agent和模型的追踪字段"", ""分解时延和成本"", ""用事件回放定位失败节点""]","[""前端状态必须来自后端事件"", ""敏感正文不进入普通日志"", ""指标需绑定明确版本""]",
RAG-M07-N01,RAG-M07,父子检索、层级检索与长文档问答,3,False,层级检索用较小叶子节点提高命中精度，再返回对应父节点或邻接节点补充完整上下文，适合教材、规范和章节结构明显的长文档。,"[""RAG-M02-N03"", ""RAG-M04-N04""]","[""设计父节点和叶子节点的层级关系"", ""用小块定位、大块补充上下文"", ""评测层级检索对长文档问题的收益""]","[""父子关系必须可验证"", ""权限在父子回溯时仍生效"", ""长文档策略需与普通混合检索对比""]",
RAG-M07-N02,RAG-M07,GraphRAG、实体关系与局部/全局查询,4,False,GraphRAG把实体、关系和社区结构用于检索，适合多跳关系、依赖链和整体主题问题。它不是普通问答的默认方案，图抽取错误和构建成本必须通过评测证明值得。,"[""RAG-M02-N04"", ""RAG-M06-N01""]","[""判断何时需要图结构而不是纯文本相似度"", ""区分局部实体查询与全局主题查询"", ""理解图构建成本和证据回溯要求""]","[""图边必须有来源证据"", ""全局查询必须设置成本上限"", ""图策略上线前需证明相对基线收益""]",
RAG-M07-N03,RAG-M07,Agentic RAG、问题分解与检索自修复,4,False,Agentic RAG把固定检索流水线扩展为受策略约束的计划-执行-检查循环。它适合复杂、多跳或证据不足的问题，普通事实问题仍应走低成本确定性路径。,"[""RAG-M04-N01"", ""RAG-M05-N02"", ""RAG-M06-N04""]","[""让Agent根据问题选择检索工具和步骤"", ""设计证据充分性检查与重试上限"", ""避免无限循环和不可解释的自主行为""]","[""工具与状态边由代码控制"", ""循环有硬上限"", ""高风险工具必须人工确认""]",
RAG-M07-N04,RAG-M07,结构化、代码与多模态知识路由,5,False,不是所有知识都应转成普通文本向量。表格和实时指标应结构化查询，代码应保留符号与调用关系，图片和流程图需要视觉或说明索引，再由检索计划组合证据。,"[""RAG-M01-N04"", ""RAG-M07-N03""]","[""按知识类型选择结构化查询、符号检索或多模态索引"", ""组合多种证据并保留来源"", ""设计路由错误的降级策略""]","[""精确数值优先结构化查询"", ""代码保留符号关系"", ""视觉证据保留原始资产引用""]",
RAG-M08-N01,RAG-M08,知识服务API、契约与Agent集成,2,True,知识库应作为可替换服务或模块向后端和Agent提供稳定契约。调用者传入知识版本、查询、top-k和不可覆盖的过滤条件，返回结构化证据而不是自由文本答案。,"[""RAG-M01-N02"", ""RAG-M02-N04""]","[""定义检索请求、响应和证据对象"", ""使用OpenAPI与JSON Schema冻结边界"", ""实现版本、幂等、错误码和兼容性策略""]","[""浏览器不得直接访问内部检索服务"", ""所有输出先过Schema"", ""破坏性变更需要显式版本""]",
RAG-M08-N02,RAG-M08,持久化、事务、缓存与一致性,3,True,PostgreSQL保存权威元数据、画像、证据和事件；对象存储保存原始大文件；Redis用于缓存、锁和短期队列。前端和专业Agent均不直接任意写数据库。,"[""RAG-M02-N04"", ""RAG-M08-N01""]","[""把权威业务数据、知识元数据、文件和缓存分层存储"", ""控制版本发布与激活事务"", ""设计缓存键和失效策略""]","[""客户端不持有数据库凭据"", ""缓存必须可重建"", ""激活版本切换需要事务与审计""]",
RAG-M08-N03,RAG-M08,性能、批处理、缓存与容量规划,4,False,性能优化必须建立在质量门禁之上。通过批量嵌入、索引调优、缓存、并行召回和分层模型降低成本，同时监测召回退化和长尾时延。,"[""RAG-M03-N02"", ""RAG-M06-N04"", ""RAG-M08-N02""]","[""建立容量模型与负载测试"", ""优化嵌入、检索、重排和模型调用"", ""设计超时、降级与背压""]","[""性能优化不得突破质量下限"", ""所有外部调用有超时"", ""系统必须有背压和降级""]",
RAG-M08-N04,RAG-M08,本地开发、容器部署、安全与运维,5,False,开发期可以在本机用Docker Compose运行完整依赖，代码通过GitHub协作；部署时将同样的服务边界迁移到Linux服务器。逻辑分离比是否同一台机器更重要。,"[""RAG-M08-N01"", ""RAG-M08-N02"", ""RAG-M08-N03""]","[""用本地容器环境支持多人并行开发"", ""把前端、后端、Agent、数据库和缓存逻辑隔离"", ""制定生产安全、备份、迁移和回滚计划""]","[""密钥不进Git"", ""内部端口不对公网"", ""发布前必须验证备份和回滚""]",
RAG-SUB-rag_definition,RAG-M01,RAG基本定义,1,True,理解检索增强生成如何把外部知识检索与语言模型生成结合起来。,[],"[""理解检索增强生成如何把外部知识检索与语言模型生成结合起来。"", ""能在工程场景中识别并应用“RAG基本定义”的关键约束。"", ""能够使用可复现指标评估“RAG基本定义”的收益、成本、风险与适用边界。""]","[""内容来自第二份专业 AI 知识包，已纳入默认检索。"", ""当前信任级别为 trusted_ai_generated，仍需团队后续抽样和逐项复核。"", ""关键专业结论必须绑定 evidence_id，并在证据不足时拒答或转人工复核。""]","{""origin_package"": ""RAG工程实训知识库_v1.0"", ""origin_node_id"": ""rag_definition"", ""trust_tier"": ""trusted_ai_generated"", ""review_status"": ""pending_team_review"", ""enabled_for_runtime"": true}"
RAG-SUB-rag_end_to_end_architecture,RAG-M01,RAG端到端架构,1,True,掌握从知识接入到检索、生成、引用、反馈和评测的完整链路。,"[""RAG-SUB-rag_definition""]","[""掌握从知识接入到检索、生成、引用、反馈和评测的完整链路。"", ""能在工程场景中识别并应用“RAG端到端架构”的关键约束。"", ""能够使用可复现指标评估“RAG端到端架构”的收益、成本、风险与适用边界。""]","[""内容来自第二份专业 AI 知识包，已纳入默认检索。"", ""当前信任级别为 trusted_ai_generated，仍需团队后续抽样和逐项复核。"", ""关键专业结论必须绑定 evidence_id，并在证据不足时拒答或转人工复核。""]","{""origin_package"": ""RAG工程实训知识库_v1.0"", ""origin_node_id"": ""rag_end_to_end_architecture"", ""trust_tier"": ""trusted_ai_generated"", ""review_status"": ""pending_team_review"", ""enabled_for_runtime"": true}"
RAG-SUB-parametric_nonparametric_memory,RAG-M01,参数记忆与外部记忆,2,False,区分模型参数中的知识与可检索外部知识，并理解二者协作方式。,"[""RAG-SUB-rag_end_to_end_architecture""]","[""区分模型参数中的知识与可检索外部知识，并理解二者协作方式。"", ""能在工程场景中识别并应用“参数记忆与外部记忆”的关键约束。"", ""能够使用可复现指标评估“参数记忆与外部记忆”的收益、成本、风险与适用边界。""]","[""内容来自第二份专业 AI 知识包，已纳入默认检索。"", ""当前信任级别为 trusted_ai_generated，仍需团队后续抽样和逐项复核。"", ""关键专业结论必须绑定 evidence_id，并在证据不足时拒答或转人工复核。""]","{""origin_package"": ""RAG工程实训知识库_v1.0"", ""origin_node_id"": ""parametric_nonparametric_memory"", ""trust_tier"": ""trusted_ai_generated"", ""review_status"": ""pending_team_review"", ""enabled_for_runtime"": true}"
RAG-SUB-rag_applicability,RAG-M01,RAG适用性判断,2,False,判断某个业务问题是否应该采用RAG，以及应采用多复杂的方案。,"[""RAG-SUB-parametric_nonparametric_memory""]","[""判断某个业务问题是否应该采用RAG，以及应采用多复杂的方案。"", ""能在工程场景中识别并应用“RAG适用性判断”的关键约束。"", ""能够使用可复现指标评估“RAG适用性判断”的收益、成本、风险与适用边界。""]","[""内容来自第二份专业 AI 知识包，已纳入默认检索。"", ""当前信任级别为 trusted_ai_generated，仍需团队后续抽样和逐项复核。"", ""关键专业结论必须绑定 evidence_id，并在证据不足时拒答或转人工复核。""]","{""origin_package"": ""RAG工程实训知识库_v1.0"", ""origin_node_id"": ""rag_applicability"", ""trust_tier"": ""trusted_ai_generated"", ""review_status"": ""pending_team_review"", ""enabled_for_runtime"": true}"
RAG-SUB-rag_failure_taxonomy,RAG-M01,RAG失败类型,2,True,能够把错误拆分为知识、检索、上下文、生成和治理等不同类别。,"[""RAG-SUB-rag_applicability""]","[""能够把错误拆分为知识、检索、上下文、生成和治理等不同类别。"", ""能在工程场景中识别并应用“RAG失败类型”的关键约束。"", ""能够使用可复现指标评估“RAG失败类型”的收益、成本、风险与适用边界。""]","[""内容来自第二份专业 AI 知识包，已纳入默认检索。"", ""当前信任级别为 trusted_ai_generated，仍需团队后续抽样和逐项复核。"", ""关键专业结论必须绑定 evidence_id，并在证据不足时拒答或转人工复核。""]","{""origin_package"": ""RAG工程实训知识库_v1.0"", ""origin_node_id"": ""rag_failure_taxonomy"", ""trust_tier"": ""trusted_ai_generated"", ""review_status"": ""pending_team_review"", ""enabled_for_runtime"": true}"
RAG-SUB-knowledge_source_selection,RAG-M02,知识源选择,1,True,选择覆盖目标岗位且具备权威性、时效性和可授权性的知识来源。,"[""RAG-SUB-rag_failure_taxonomy""]","[""选择覆盖目标岗位且具备权威性、时效性和可授权性的知识来源。"", ""能在工程场景中识别并应用“知识源选择”的关键约束。"", ""能够使用可复现指标评估“知识源选择”的收益、成本、风险与适用边界。""]","[""内容来自第二份专业 AI 知识包，已纳入默认检索。"", ""当前信任级别为 trusted_ai_generated，仍需团队后续抽样和逐项复核。"", ""关键专业结论必须绑定 evidence_id，并在证据不足时拒答或转人工复核。""]","{""origin_package"": ""RAG工程实训知识库_v1.0"", ""origin_node_id"": ""knowledge_source_selection"", ""trust_tier"": ""trusted_ai_generated"", ""review_status"": ""pending_team_review"", ""enabled_for_runtime"": true}"
RAG-SUB-source_authority_provenance,RAG-M02,来源权威性与溯源,2,True,为知识片段建立从回答到原始来源的完整证据链。,"[""RAG-SUB-knowledge_source_selection""]","[""为知识片段建立从回答到原始来源的完整证据链。"", ""能在工程场景中识别并应用“来源权威性与溯源”的关键约束。"", ""能够使用可复现指标评估“来源权威性与溯源”的收益、成本、风险与适用边界。""]","[""内容来自第二份专业 AI 知识包，已纳入默认检索。"", ""当前信任级别为 trusted_ai_generated，仍需团队后续抽样和逐项复核。"", ""关键专业结论必须绑定 evidence_id，并在证据不足时拒答或转人工复核。""]","{""origin_package"": ""RAG工程实训知识库_v1.0"", ""origin_node_id"": ""source_authority_provenance"", ""trust_tier"": ""trusted_ai_generated"", ""review_status"": ""pending_team_review"", ""enabled_for_runtime"": true}"
RAG-SUB-versioning_freshness,RAG-M02,版本与时效治理,2,True,控制知识库、文档、片段和索引版本，防止过时内容参与回答。,"[""RAG-SUB-source_authority_provenance""]","[""控制知识库、文档、片段和索引版本，防止过时内容参与回答。"", ""能在工程场景中识别并应用“版本与时效治理”的关键约束。"", ""能够使用可复现指标评估“版本与时效治理”的收益、成本、风险与适用边界。""]","[""内容来自第二份专业 AI 知识包，已纳入默认检索。"", ""当前信任级别为 trusted_ai_generated，仍需团队后续抽样和逐项复核。"", ""关键专业结论必须绑定 evidence_id，并在证据不足时拒答或转人工复核。""]","{""origin_package"": ""RAG工程实训知识库_v1.0"", ""origin_node_id"": ""versioning_freshness"", ""trust_tier"": ""trusted_ai_generated"", ""review_status"": ""pending_team_review"", ""enabled_for_runtime"": true}"
RAG-SUB-licensing_compliance,RAG-M02,许可与合规,2,False,识别知识来源的版权、使用许可和隐私要求。,"[""RAG-SUB-versioning_freshness""]","[""识别知识来源的版权、使用许可和隐私要求。"", ""能在工程场景中识别并应用“许可与合规”的关键约束。"", ""能够使用可复现指标评估“许可与合规”的收益、成本、风险与适用边界。""]","[""内容来自第二份专业 AI 知识包，已纳入默认检索。"", ""当前信任级别为 trusted_ai_generated，仍需团队后续抽样和逐项复核。"", ""关键专业结论必须绑定 evidence_id，并在证据不足时拒答或转人工复核。""]","{""origin_package"": ""RAG工程实训知识库_v1.0"", ""origin_node_id"": ""licensing_compliance"", ""trust_tier"": ""trusted_ai_generated"", ""review_status"": ""pending_team_review"", ""enabled_for_runtime"": true}"
RAG-SUB-access_control_tenant_isolation,RAG-M04,权限过滤与多租户隔离,3,True,确保用户只能检索和查看其组织、角色和项目授权的知识。,"[""RAG-SUB-licensing_compliance""]","[""确保用户只能检索和查看其组织、角色和项目授权的知识。"", ""能在工程场景中识别并应用“权限过滤与多租户隔离”的关键约束。"", ""能够使用可复现指标评估“权限过滤与多租户隔离”的收益、成本、风险与适用边界。""]","[""内容来自第二份专业 AI 知识包，已纳入默认检索。"", ""当前信任级别为 trusted_ai_generated，仍需团队后续抽样和逐项复核。"", ""关键专业结论必须绑定 evidence_id，并在证据不足时拒答或转人工复核。""]","{""origin_package"": ""RAG工程实训知识库_v1.0"", ""origin_node_id"": ""access_control_tenant_isolation"", ""trust_tier"": ""trusted_ai_generated"", ""review_status"": ""pending_team_review"", ""enabled_for_runtime"": true}"
RAG-SUB-document_parsing,RAG-M02,文档解析,1,True,从多种文档中提取文本、结构、页码和对象信息。,"[""RAG-SUB-access_control_tenant_isolation""]","[""从多种文档中提取文本、结构、页码和对象信息。"", ""能在工程场景中识别并应用“文档解析”的关键约束。"", ""能够使用可复现指标评估“文档解析”的收益、成本、风险与适用边界。""]","[""内容来自第二份专业 AI 知识包，已纳入默认检索。"", ""当前信任级别为 trusted_ai_generated，仍需团队后续抽样和逐项复核。"", ""关键专业结论必须绑定 evidence_id，并在证据不足时拒答或转人工复核。""]","{""origin_package"": ""RAG工程实训知识库_v1.0"", ""origin_node_id"": ""document_parsing"", ""trust_tier"": ""trusted_ai_generated"", ""review_status"": ""pending_team_review"", ""enabled_for_runtime"": true}"
RAG-SUB-layout_table_extraction,RAG-M02,版面与表格提取,2,False,正确处理多栏版面、表格、图注和代码块，避免语义错位。,"[""RAG-SUB-document_parsing""]","[""正确处理多栏版面、表格、图注和代码块，避免语义错位。"", ""能在工程场景中识别并应用“版面与表格提取”的关键约束。"", ""能够使用可复现指标评估“版面与表格提取”的收益、成本、风险与适用边界。""]","[""内容来自第二份专业 AI 知识包，已纳入默认检索。"", ""当前信任级别为 trusted_ai_generated，仍需团队后续抽样和逐项复核。"", ""关键专业结论必须绑定 evidence_id，并在证据不足时拒答或转人工复核。""]","{""origin_package"": ""RAG工程实训知识库_v1.0"", ""origin_node_id"": ""layout_table_extraction"", ""trust_tier"": ""trusted_ai_generated"", ""review_status"": ""pending_team_review"", ""enabled_for_runtime"": true}"
RAG-SUB-text_cleaning_normalization,RAG-M02,文本清洗与规范化,1,True,去除噪声并统一格式，同时避免删除有业务意义的内容。,"[""RAG-SUB-layout_table_extraction""]","[""去除噪声并统一格式，同时避免删除有业务意义的内容。"", ""能在工程场景中识别并应用“文本清洗与规范化”的关键约束。"", ""能够使用可复现指标评估“文本清洗与规范化”的收益、成本、风险与适用边界。""]","[""内容来自第二份专业 AI 知识包，已纳入默认检索。"", ""当前信任级别为 trusted_ai_generated，仍需团队后续抽样和逐项复核。"", ""关键专业结论必须绑定 evidence_id，并在证据不足时拒答或转人工复核。""]","{""origin_package"": ""RAG工程实训知识库_v1.0"", ""origin_node_id"": ""text_cleaning_normalization"", ""trust_tier"": ""trusted_ai_generated"", ""review_status"": ""pending_team_review"", ""enabled_for_runtime"": true}"
RAG-SUB-deduplication,RAG-M02,内容去重,2,False,识别完全重复、近似重复和版本重复，减少检索冗余。,"[""RAG-SUB-text_cleaning_normalization""]","[""识别完全重复、近似重复和版本重复，减少检索冗余。"", ""能在工程场景中识别并应用“内容去重”的关键约束。"", ""能够使用可复现指标评估“内容去重”的收益、成本、风险与适用边界。""]","[""内容来自第二份专业 AI 知识包，已纳入默认检索。"", ""当前信任级别为 trusted_ai_generated，仍需团队后续抽样和逐项复核。"", ""关键专业结论必须绑定 evidence_id，并在证据不足时拒答或转人工复核。""]","{""origin_package"": ""RAG工程实训知识库_v1.0"", ""origin_node_id"": ""deduplication"", ""trust_tier"": ""trusted_ai_generated"", ""review_status"": ""pending_team_review"", ""enabled_for_runtime"": true}"
RAG-SUB-document_quality_checks,RAG-M02,文档质量门禁,2,True,在入库前检测解析完整性、乱码、缺页、来源和结构问题。,"[""RAG-SUB-deduplication""]","[""在入库前检测解析完整性、乱码、缺页、来源和结构问题。"", ""能在工程场景中识别并应用“文档质量门禁”的关键约束。"", ""能够使用可复现指标评估“文档质量门禁”的收益、成本、风险与适用边界。""]","[""内容来自第二份专业 AI 知识包，已纳入默认检索。"", ""当前信任级别为 trusted_ai_generated，仍需团队后续抽样和逐项复核。"", ""关键专业结论必须绑定 evidence_id，并在证据不足时拒答或转人工复核。""]","{""origin_package"": ""RAG工程实训知识库_v1.0"", ""origin_node_id"": ""document_quality_checks"", ""trust_tier"": ""trusted_ai_generated"", ""review_status"": ""pending_team_review"", ""enabled_for_runtime"": true}"
RAG-SUB-chunking_objectives,RAG-M02,文档切分目标,1,True,理解切分对召回、上下文完整性、引用粒度和成本的影响。,"[""RAG-SUB-document_quality_checks""]","[""理解切分对召回、上下文完整性、引用粒度和成本的影响。"", ""能在工程场景中识别并应用“文档切分目标”的关键约束。"", ""能够使用可复现指标评估“文档切分目标”的收益、成本、风险与适用边界。""]","[""内容来自第二份专业 AI 知识包，已纳入默认检索。"", ""当前信任级别为 trusted_ai_generated，仍需团队后续抽样和逐项复核。"", ""关键专业结论必须绑定 evidence_id，并在证据不足时拒答或转人工复核。""]","{""origin_package"": ""RAG工程实训知识库_v1.0"", ""origin_node_id"": ""chunking_objectives"", ""trust_tier"": ""trusted_ai_generated"", ""review_status"": ""pending_team_review"", ""enabled_for_runtime"": true}"
RAG-SUB-fixed_window_chunking,RAG-M02,固定窗口切分,1,False,掌握按字符或Token窗口切分及重叠策略。,"[""RAG-SUB-chunking_objectives""]","[""掌握按字符或Token窗口切分及重叠策略。"", ""能在工程场景中识别并应用“固定窗口切分”的关键约束。"", ""能够使用可复现指标评估“固定窗口切分”的收益、成本、风险与适用边界。""]","[""内容来自第二份专业 AI 知识包，已纳入默认检索。"", ""当前信任级别为 trusted_ai_generated，仍需团队后续抽样和逐项复核。"", ""关键专业结论必须绑定 evidence_id，并在证据不足时拒答或转人工复核。""]","{""origin_package"": ""RAG工程实训知识库_v1.0"", ""origin_node_id"": ""fixed_window_chunking"", ""trust_tier"": ""trusted_ai_generated"", ""review_status"": ""pending_team_review"", ""enabled_for_runtime"": true}"
RAG-SUB-structure_aware_chunking,RAG-M02,结构感知切分,2,True,按标题、段落、列表、表格和代码块边界构造片段。,"[""RAG-SUB-fixed_window_chunking""]","[""按标题、段落、列表、表格和代码块边界构造片段。"", ""能在工程场景中识别并应用“结构感知切分”的关键约束。"", ""能够使用可复现指标评估“结构感知切分”的收益、成本、风险与适用边界。""]","[""内容来自第二份专业 AI 知识包，已纳入默认检索。"", ""当前信任级别为 trusted_ai_generated，仍需团队后续抽样和逐项复核。"", ""关键专业结论必须绑定 evidence_id，并在证据不足时拒答或转人工复核。""]","{""origin_package"": ""RAG工程实训知识库_v1.0"", ""origin_node_id"": ""structure_aware_chunking"", ""trust_tier"": ""trusted_ai_generated"", ""review_status"": ""pending_team_review"", ""enabled_for_runtime"": true}"
RAG-SUB-semantic_chunking,RAG-M02,语义切分,3,False,依据主题变化和句子语义相似度确定边界。,"[""RAG-SUB-structure_aware_chunking""]","[""依据主题变化和句子语义相似度确定边界。"", ""能在工程场景中识别并应用“语义切分”的关键约束。"", ""能够使用可复现指标评估“语义切分”的收益、成本、风险与适用边界。""]","[""内容来自第二份专业 AI 知识包，已纳入默认检索。"", ""当前信任级别为 trusted_ai_generated，仍需团队后续抽样和逐项复核。"", ""关键专业结论必须绑定 evidence_id，并在证据不足时拒答或转人工复核。""]","{""origin_package"": ""RAG工程实训知识库_v1.0"", ""origin_node_id"": ""semantic_chunking"", ""trust_tier"": ""trusted_ai_generated"", ""review_status"": ""pending_team_review"", ""enabled_for_runtime"": true}"
RAG-SUB-parent_child_multigranular,RAG-M07,父子与多粒度检索,3,False,同时保留小粒度检索精度和大粒度上下文完整性。,"[""RAG-SUB-semantic_chunking""]","[""同时保留小粒度检索精度和大粒度上下文完整性。"", ""能在工程场景中识别并应用“父子与多粒度检索”的关键约束。"", ""能够使用可复现指标评估“父子与多粒度检索”的收益、成本、风险与适用边界。""]","[""内容来自第二份专业 AI 知识包，已纳入默认检索。"", ""当前信任级别为 trusted_ai_generated，仍需团队后续抽样和逐项复核。"", ""关键专业结论必须绑定 evidence_id，并在证据不足时拒答或转人工复核。""]","{""origin_package"": ""RAG工程实训知识库_v1.0"", ""origin_node_id"": ""parent_child_multigranular"", ""trust_tier"": ""trusted_ai_generated"", ""review_status"": ""pending_team_review"", ""enabled_for_runtime"": true}"
RAG-SUB-metadata_schema,RAG-M02,元数据Schema设计,2,True,定义支持过滤、溯源、版本和评测的片段元数据。,"[""RAG-SUB-parent_child_multigranular""]","[""定义支持过滤、溯源、版本和评测的片段元数据。"", ""能在工程场景中识别并应用“元数据Schema设计”的关键约束。"", ""能够使用可复现指标评估“元数据Schema设计”的收益、成本、风险与适用边界。""]","[""内容来自第二份专业 AI 知识包，已纳入默认检索。"", ""当前信任级别为 trusted_ai_generated，仍需团队后续抽样和逐项复核。"", ""关键专业结论必须绑定 evidence_id，并在证据不足时拒答或转人工复核。""]","{""origin_package"": ""RAG工程实训知识库_v1.0"", ""origin_node_id"": ""metadata_schema"", ""trust_tier"": ""trusted_ai_generated"", ""review_status"": ""pending_team_review"", ""enabled_for_runtime"": true}"
RAG-SUB-embedding_fundamentals,RAG-M03,文本嵌入基础,2,True,理解双编码器、向量空间和语义相似度的基本机制。,"[""RAG-SUB-metadata_schema""]","[""理解双编码器、向量空间和语义相似度的基本机制。"", ""能在工程场景中识别并应用“文本嵌入基础”的关键约束。"", ""能够使用可复现指标评估“文本嵌入基础”的收益、成本、风险与适用边界。""]","[""内容来自第二份专业 AI 知识包，已纳入默认检索。"", ""当前信任级别为 trusted_ai_generated，仍需团队后续抽样和逐项复核。"", ""关键专业结论必须绑定 evidence_id，并在证据不足时拒答或转人工复核。""]","{""origin_package"": ""RAG工程实训知识库_v1.0"", ""origin_node_id"": ""embedding_fundamentals"", ""trust_tier"": ""trusted_ai_generated"", ""review_status"": ""pending_team_review"", ""enabled_for_runtime"": true}"
RAG-SUB-embedding_model_selection,RAG-M03,嵌入模型选择,3,True,根据语言、领域、任务、成本和部署约束选择嵌入模型。,"[""RAG-SUB-embedding_fundamentals""]","[""根据语言、领域、任务、成本和部署约束选择嵌入模型。"", ""能在工程场景中识别并应用“嵌入模型选择”的关键约束。"", ""能够使用可复现指标评估“嵌入模型选择”的收益、成本、风险与适用边界。""]","[""内容来自第二份专业 AI 知识包，已纳入默认检索。"", ""当前信任级别为 trusted_ai_generated，仍需团队后续抽样和逐项复核。"", ""关键专业结论必须绑定 evidence_id，并在证据不足时拒答或转人工复核。""]","{""origin_package"": ""RAG工程实训知识库_v1.0"", ""origin_node_id"": ""embedding_model_selection"", ""trust_tier"": ""trusted_ai_generated"", ""review_status"": ""pending_team_review"", ""enabled_for_runtime"": true}"
RAG-SUB-similarity_metrics,RAG-M03,向量相似度与归一化,2,False,理解余弦相似度、内积和欧氏距离及其配置关系。,"[""RAG-SUB-embedding_model_selection""]","[""理解余弦相似度、内积和欧氏距离及其配置关系。"", ""能在工程场景中识别并应用“向量相似度与归一化”的关键约束。"", ""能够使用可复现指标评估“向量相似度与归一化”的收益、成本、风险与适用边界。""]","[""内容来自第二份专业 AI 知识包，已纳入默认检索。"", ""当前信任级别为 trusted_ai_generated，仍需团队后续抽样和逐项复核。"", ""关键专业结论必须绑定 evidence_id，并在证据不足时拒答或转人工复核。""]","{""origin_package"": ""RAG工程实训知识库_v1.0"", ""origin_node_id"": ""similarity_metrics"", ""trust_tier"": ""trusted_ai_generated"", ""review_status"": ""pending_team_review"", ""enabled_for_runtime"": true}"
RAG-SUB-vector_index_hnsw_ivf,RAG-M03,向量索引与近似最近邻,3,True,理解精确搜索、HNSW、IVF等索引的召回、延迟和内存权衡。,"[""RAG-SUB-similarity_metrics""]","[""理解精确搜索、HNSW、IVF等索引的召回、延迟和内存权衡。"", ""能在工程场景中识别并应用“向量索引与近似最近邻”的关键约束。"", ""能够使用可复现指标评估“向量索引与近似最近邻”的收益、成本、风险与适用边界。""]","[""内容来自第二份专业 AI 知识包，已纳入默认检索。"", ""当前信任级别为 trusted_ai_generated，仍需团队后续抽样和逐项复核。"", ""关键专业结论必须绑定 evidence_id，并在证据不足时拒答或转人工复核。""]","{""origin_package"": ""RAG工程实训知识库_v1.0"", ""origin_node_id"": ""vector_index_hnsw_ivf"", ""trust_tier"": ""trusted_ai_generated"", ""review_status"": ""pending_team_review"", ""enabled_for_runtime"": true}"
RAG-SUB-bm25_sparse_retrieval,RAG-M03,BM25与稀疏检索,2,True,掌握关键词匹配在精确术语、编号和专名查询中的作用。,"[""RAG-SUB-vector_index_hnsw_ivf""]","[""掌握关键词匹配在精确术语、编号和专名查询中的作用。"", ""能在工程场景中识别并应用“BM25与稀疏检索”的关键约束。"", ""能够使用可复现指标评估“BM25与稀疏检索”的收益、成本、风险与适用边界。""]","[""内容来自第二份专业 AI 知识包，已纳入默认检索。"", ""当前信任级别为 trusted_ai_generated，仍需团队后续抽样和逐项复核。"", ""关键专业结论必须绑定 evidence_id，并在证据不足时拒答或转人工复核。""]","{""origin_package"": ""RAG工程实训知识库_v1.0"", ""origin_node_id"": ""bm25_sparse_retrieval"", ""trust_tier"": ""trusted_ai_generated"", ""review_status"": ""pending_team_review"", ""enabled_for_runtime"": true}"
RAG-SUB-dense_retrieval,RAG-M03,稠密语义检索,2,True,使用嵌入召回语义相关但词面不同的片段。,"[""RAG-SUB-bm25_sparse_retrieval""]","[""使用嵌入召回语义相关但词面不同的片段。"", ""能在工程场景中识别并应用“稠密语义检索”的关键约束。"", ""能够使用可复现指标评估“稠密语义检索”的收益、成本、风险与适用边界。""]","[""内容来自第二份专业 AI 知识包，已纳入默认检索。"", ""当前信任级别为 trusted_ai_generated，仍需团队后续抽样和逐项复核。"", ""关键专业结论必须绑定 evidence_id，并在证据不足时拒答或转人工复核。""]","{""origin_package"": ""RAG工程实训知识库_v1.0"", ""origin_node_id"": ""dense_retrieval"", ""trust_tier"": ""trusted_ai_generated"", ""review_status"": ""pending_team_review"", ""enabled_for_runtime"": true}"
RAG-SUB-hybrid_retrieval,RAG-M03,混合检索,3,True,融合稀疏与稠密检索，提高不同查询类型下的鲁棒性。,"[""RAG-SUB-dense_retrieval""]","[""融合稀疏与稠密检索，提高不同查询类型下的鲁棒性。"", ""能在工程场景中识别并应用“混合检索”的关键约束。"", ""能够使用可复现指标评估“混合检索”的收益、成本、风险与适用边界。""]","[""内容来自第二份专业 AI 知识包，已纳入默认检索。"", ""当前信任级别为 trusted_ai_generated，仍需团队后续抽样和逐项复核。"", ""关键专业结论必须绑定 evidence_id，并在证据不足时拒答或转人工复核。""]","{""origin_package"": ""RAG工程实训知识库_v1.0"", ""origin_node_id"": ""hybrid_retrieval"", ""trust_tier"": ""trusted_ai_generated"", ""review_status"": ""pending_team_review"", ""enabled_for_runtime"": true}"
RAG-SUB-metadata_filtering,RAG-M04,元数据过滤,2,True,在语义排序前后利用权限、版本、时间、语言和业务标签缩小候选。,"[""RAG-SUB-hybrid_retrieval""]","[""在语义排序前后利用权限、版本、时间、语言和业务标签缩小候选。"", ""能在工程场景中识别并应用“元数据过滤”的关键约束。"", ""能够使用可复现指标评估“元数据过滤”的收益、成本、风险与适用边界。""]","[""内容来自第二份专业 AI 知识包，已纳入默认检索。"", ""当前信任级别为 trusted_ai_generated，仍需团队后续抽样和逐项复核。"", ""关键专业结论必须绑定 evidence_id，并在证据不足时拒答或转人工复核。""]","{""origin_package"": ""RAG工程实训知识库_v1.0"", ""origin_node_id"": ""metadata_filtering"", ""trust_tier"": ""trusted_ai_generated"", ""review_status"": ""pending_team_review"", ""enabled_for_runtime"": true}"
RAG-SUB-multi_query_expansion,RAG-M04,多查询与查询扩展,3,False,通过同义改写、子问题和多角度查询提高召回。,"[""RAG-SUB-metadata_filtering""]","[""通过同义改写、子问题和多角度查询提高召回。"", ""能在工程场景中识别并应用“多查询与查询扩展”的关键约束。"", ""能够使用可复现指标评估“多查询与查询扩展”的收益、成本、风险与适用边界。""]","[""内容来自第二份专业 AI 知识包，已纳入默认检索。"", ""当前信任级别为 trusted_ai_generated，仍需团队后续抽样和逐项复核。"", ""关键专业结论必须绑定 evidence_id，并在证据不足时拒答或转人工复核。""]","{""origin_package"": ""RAG工程实训知识库_v1.0"", ""origin_node_id"": ""multi_query_expansion"", ""trust_tier"": ""trusted_ai_generated"", ""review_status"": ""pending_team_review"", ""enabled_for_runtime"": true}"
RAG-SUB-query_rewriting,RAG-M04,查询改写,2,True,将口语化、上下文依赖或不完整的问题转换成可检索查询。,"[""RAG-SUB-multi_query_expansion""]","[""将口语化、上下文依赖或不完整的问题转换成可检索查询。"", ""能在工程场景中识别并应用“查询改写”的关键约束。"", ""能够使用可复现指标评估“查询改写”的收益、成本、风险与适用边界。""]","[""内容来自第二份专业 AI 知识包，已纳入默认检索。"", ""当前信任级别为 trusted_ai_generated，仍需团队后续抽样和逐项复核。"", ""关键专业结论必须绑定 evidence_id，并在证据不足时拒答或转人工复核。""]","{""origin_package"": ""RAG工程实训知识库_v1.0"", ""origin_node_id"": ""query_rewriting"", ""trust_tier"": ""trusted_ai_generated"", ""review_status"": ""pending_team_review"", ""enabled_for_runtime"": true}"
RAG-SUB-hyde_retrieval,RAG-M07,HyDE假设文档检索,4,False,利用生成的假设性文档表示查询语义，以改善零样本稠密检索。,"[""RAG-SUB-query_rewriting""]","[""利用生成的假设性文档表示查询语义，以改善零样本稠密检索。"", ""能在工程场景中识别并应用“HyDE假设文档检索”的关键约束。"", ""能够使用可复现指标评估“HyDE假设文档检索”的收益、成本、风险与适用边界。""]","[""内容来自第二份专业 AI 知识包，已纳入默认检索。"", ""当前信任级别为 trusted_ai_generated，仍需团队后续抽样和逐项复核。"", ""关键专业结论必须绑定 evidence_id，并在证据不足时拒答或转人工复核。""]","{""origin_package"": ""RAG工程实训知识库_v1.0"", ""origin_node_id"": ""hyde_retrieval"", ""trust_tier"": ""trusted_ai_generated"", ""review_status"": ""pending_team_review"", ""enabled_for_runtime"": true}"
RAG-SUB-cross_encoder_reranking,RAG-M04,交叉编码器重排序,3,True,使用查询与候选片段联合编码，提高候选排序精度。,"[""RAG-SUB-hyde_retrieval""]","[""使用查询与候选片段联合编码，提高候选排序精度。"", ""能在工程场景中识别并应用“交叉编码器重排序”的关键约束。"", ""能够使用可复现指标评估“交叉编码器重排序”的收益、成本、风险与适用边界。""]","[""内容来自第二份专业 AI 知识包，已纳入默认检索。"", ""当前信任级别为 trusted_ai_generated，仍需团队后续抽样和逐项复核。"", ""关键专业结论必须绑定 evidence_id，并在证据不足时拒答或转人工复核。""]","{""origin_package"": ""RAG工程实训知识库_v1.0"", ""origin_node_id"": ""cross_encoder_reranking"", ""trust_tier"": ""trusted_ai_generated"", ""review_status"": ""pending_team_review"", ""enabled_for_runtime"": true}"
RAG-SUB-colbert_late_interaction,RAG-M04,ColBERT晚交互检索,4,False,理解Token级晚交互在效率与细粒度匹配之间的折中。,"[""RAG-SUB-cross_encoder_reranking""]","[""理解Token级晚交互在效率与细粒度匹配之间的折中。"", ""能在工程场景中识别并应用“ColBERT晚交互检索”的关键约束。"", ""能够使用可复现指标评估“ColBERT晚交互检索”的收益、成本、风险与适用边界。""]","[""内容来自第二份专业 AI 知识包，已纳入默认检索。"", ""当前信任级别为 trusted_ai_generated，仍需团队后续抽样和逐项复核。"", ""关键专业结论必须绑定 evidence_id，并在证据不足时拒答或转人工复核。""]","{""origin_package"": ""RAG工程实训知识库_v1.0"", ""origin_node_id"": ""colbert_late_interaction"", ""trust_tier"": ""trusted_ai_generated"", ""review_status"": ""pending_team_review"", ""enabled_for_runtime"": true}"
RAG-SUB-diversity_mmr,RAG-M04,MMR多样性选择,3,False,在相关性和候选多样性之间平衡，减少上下文重复。,"[""RAG-SUB-colbert_late_interaction""]","[""在相关性和候选多样性之间平衡，减少上下文重复。"", ""能在工程场景中识别并应用“MMR多样性选择”的关键约束。"", ""能够使用可复现指标评估“MMR多样性选择”的收益、成本、风险与适用边界。""]","[""内容来自第二份专业 AI 知识包，已纳入默认检索。"", ""当前信任级别为 trusted_ai_generated，仍需团队后续抽样和逐项复核。"", ""关键专业结论必须绑定 evidence_id，并在证据不足时拒答或转人工复核。""]","{""origin_package"": ""RAG工程实训知识库_v1.0"", ""origin_node_id"": ""diversity_mmr"", ""trust_tier"": ""trusted_ai_generated"", ""review_status"": ""pending_team_review"", ""enabled_for_runtime"": true}"
RAG-SUB-rank_fusion_rrf,RAG-M03,RRF名次融合,3,False,用排名而非原始分数融合多个检索列表。,"[""RAG-SUB-diversity_mmr""]","[""用排名而非原始分数融合多个检索列表。"", ""能在工程场景中识别并应用“RRF名次融合”的关键约束。"", ""能够使用可复现指标评估“RRF名次融合”的收益、成本、风险与适用边界。""]","[""内容来自第二份专业 AI 知识包，已纳入默认检索。"", ""当前信任级别为 trusted_ai_generated，仍需团队后续抽样和逐项复核。"", ""关键专业结论必须绑定 evidence_id，并在证据不足时拒答或转人工复核。""]","{""origin_package"": ""RAG工程实训知识库_v1.0"", ""origin_node_id"": ""rank_fusion_rrf"", ""trust_tier"": ""trusted_ai_generated"", ""review_status"": ""pending_team_review"", ""enabled_for_runtime"": true}"
RAG-SUB-context_selection_budget,RAG-M04,上下文选择与Token预算,3,True,在有限上下文中选择最有用、互补且可追溯的证据。,"[""RAG-SUB-rank_fusion_rrf""]","[""在有限上下文中选择最有用、互补且可追溯的证据。"", ""能在工程场景中识别并应用“上下文选择与Token预算”的关键约束。"", ""能够使用可复现指标评估“上下文选择与Token预算”的收益、成本、风险与适用边界。""]","[""内容来自第二份专业 AI 知识包，已纳入默认检索。"", ""当前信任级别为 trusted_ai_generated，仍需团队后续抽样和逐项复核。"", ""关键专业结论必须绑定 evidence_id，并在证据不足时拒答或转人工复核。""]","{""origin_package"": ""RAG工程实训知识库_v1.0"", ""origin_node_id"": ""context_selection_budget"", ""trust_tier"": ""trusted_ai_generated"", ""review_status"": ""pending_team_review"", ""enabled_for_runtime"": true}"
RAG-SUB-lost_in_the_middle,RAG-M04,长上下文位置效应,3,False,理解模型对长上下文中间信息利用不稳定的问题。,"[""RAG-SUB-context_selection_budget""]","[""理解模型对长上下文中间信息利用不稳定的问题。"", ""能在工程场景中识别并应用“长上下文位置效应”的关键约束。"", ""能够使用可复现指标评估“长上下文位置效应”的收益、成本、风险与适用边界。""]","[""内容来自第二份专业 AI 知识包，已纳入默认检索。"", ""当前信任级别为 trusted_ai_generated，仍需团队后续抽样和逐项复核。"", ""关键专业结论必须绑定 evidence_id，并在证据不足时拒答或转人工复核。""]","{""origin_package"": ""RAG工程实训知识库_v1.0"", ""origin_node_id"": ""lost_in_the_middle"", ""trust_tier"": ""trusted_ai_generated"", ""review_status"": ""pending_team_review"", ""enabled_for_runtime"": true}"
RAG-SUB-prompt_grounding,RAG-M05,证据约束提示词,2,True,通过明确指令让模型仅基于提供证据回答并声明限制。,"[""RAG-SUB-lost_in_the_middle""]","[""通过明确指令让模型仅基于提供证据回答并声明限制。"", ""能在工程场景中识别并应用“证据约束提示词”的关键约束。"", ""能够使用可复现指标评估“证据约束提示词”的收益、成本、风险与适用边界。""]","[""内容来自第二份专业 AI 知识包，已纳入默认检索。"", ""当前信任级别为 trusted_ai_generated，仍需团队后续抽样和逐项复核。"", ""关键专业结论必须绑定 evidence_id，并在证据不足时拒答或转人工复核。""]","{""origin_package"": ""RAG工程实训知识库_v1.0"", ""origin_node_id"": ""prompt_grounding"", ""trust_tier"": ""trusted_ai_generated"", ""review_status"": ""pending_team_review"", ""enabled_for_runtime"": true}"
RAG-SUB-answer_abstention,RAG-M05,拒答与不确定性,3,True,在证据不足、冲突或越权时停止生成确定性答案。,"[""RAG-SUB-prompt_grounding""]","[""在证据不足、冲突或越权时停止生成确定性答案。"", ""能在工程场景中识别并应用“拒答与不确定性”的关键约束。"", ""能够使用可复现指标评估“拒答与不确定性”的收益、成本、风险与适用边界。""]","[""内容来自第二份专业 AI 知识包，已纳入默认检索。"", ""当前信任级别为 trusted_ai_generated，仍需团队后续抽样和逐项复核。"", ""关键专业结论必须绑定 evidence_id，并在证据不足时拒答或转人工复核。""]","{""origin_package"": ""RAG工程实训知识库_v1.0"", ""origin_node_id"": ""answer_abstention"", ""trust_tier"": ""trusted_ai_generated"", ""review_status"": ""pending_team_review"", ""enabled_for_runtime"": true}"
RAG-SUB-citation_generation_verification,RAG-M05,引用生成与验证,3,True,生成可点击、可核验且真正支持结论的证据引用。,"[""RAG-SUB-answer_abstention""]","[""生成可点击、可核验且真正支持结论的证据引用。"", ""能在工程场景中识别并应用“引用生成与验证”的关键约束。"", ""能够使用可复现指标评估“引用生成与验证”的收益、成本、风险与适用边界。""]","[""内容来自第二份专业 AI 知识包，已纳入默认检索。"", ""当前信任级别为 trusted_ai_generated，仍需团队后续抽样和逐项复核。"", ""关键专业结论必须绑定 evidence_id，并在证据不足时拒答或转人工复核。""]","{""origin_package"": ""RAG工程实训知识库_v1.0"", ""origin_node_id"": ""citation_generation_verification"", ""trust_tier"": ""trusted_ai_generated"", ""review_status"": ""pending_team_review"", ""enabled_for_runtime"": true}"
RAG-SUB-hallucination_types,RAG-M05,幻觉类型与根因,2,True,区分无依据生成、证据矛盾、错误归因和过度推断等问题。,"[""RAG-SUB-citation_generation_verification""]","[""区分无依据生成、证据矛盾、错误归因和过度推断等问题。"", ""能在工程场景中识别并应用“幻觉类型与根因”的关键约束。"", ""能够使用可复现指标评估“幻觉类型与根因”的收益、成本、风险与适用边界。""]","[""内容来自第二份专业 AI 知识包，已纳入默认检索。"", ""当前信任级别为 trusted_ai_generated，仍需团队后续抽样和逐项复核。"", ""关键专业结论必须绑定 evidence_id，并在证据不足时拒答或转人工复核。""]","{""origin_package"": ""RAG工程实训知识库_v1.0"", ""origin_node_id"": ""hallucination_types"", ""trust_tier"": ""trusted_ai_generated"", ""review_status"": ""pending_team_review"", ""enabled_for_runtime"": true}"
RAG-SUB-evidence_entailment,RAG-M05,证据支持关系检查,4,True,判断证据是否直接支持、反驳或无法判断某个结论。,"[""RAG-SUB-hallucination_types""]","[""判断证据是否直接支持、反驳或无法判断某个结论。"", ""能在工程场景中识别并应用“证据支持关系检查”的关键约束。"", ""能够使用可复现指标评估“证据支持关系检查”的收益、成本、风险与适用边界。""]","[""内容来自第二份专业 AI 知识包，已纳入默认检索。"", ""当前信任级别为 trusted_ai_generated，仍需团队后续抽样和逐项复核。"", ""关键专业结论必须绑定 evidence_id，并在证据不足时拒答或转人工复核。""]","{""origin_package"": ""RAG工程实训知识库_v1.0"", ""origin_node_id"": ""evidence_entailment"", ""trust_tier"": ""trusted_ai_generated"", ""review_status"": ""pending_team_review"", ""enabled_for_runtime"": true}"
RAG-SUB-review_correction_loop,RAG-M05,审核与纠偏闭环,3,True,对生成资源、题目和决策进行通过、退回、修复与升级处理。,"[""RAG-SUB-evidence_entailment""]","[""对生成资源、题目和决策进行通过、退回、修复与升级处理。"", ""能在工程场景中识别并应用“审核与纠偏闭环”的关键约束。"", ""能够使用可复现指标评估“审核与纠偏闭环”的收益、成本、风险与适用边界。""]","[""内容来自第二份专业 AI 知识包，已纳入默认检索。"", ""当前信任级别为 trusted_ai_generated，仍需团队后续抽样和逐项复核。"", ""关键专业结论必须绑定 evidence_id，并在证据不足时拒答或转人工复核。""]","{""origin_package"": ""RAG工程实训知识库_v1.0"", ""origin_node_id"": ""review_correction_loop"", ""trust_tier"": ""trusted_ai_generated"", ""review_status"": ""pending_team_review"", ""enabled_for_runtime"": true}"
RAG-SUB-prompt_injection_defense,RAG-M05,提示词注入防护,4,True,防止知识文档或用户输入劫持模型规则、泄露数据或调用危险工具。,"[""RAG-SUB-review_correction_loop""]","[""防止知识文档或用户输入劫持模型规则、泄露数据或调用危险工具。"", ""能在工程场景中识别并应用“提示词注入防护”的关键约束。"", ""能够使用可复现指标评估“提示词注入防护”的收益、成本、风险与适用边界。""]","[""内容来自第二份专业 AI 知识包，已纳入默认检索。"", ""当前信任级别为 trusted_ai_generated，仍需团队后续抽样和逐项复核。"", ""关键专业结论必须绑定 evidence_id，并在证据不足时拒答或转人工复核。""]","{""origin_package"": ""RAG工程实训知识库_v1.0"", ""origin_node_id"": ""prompt_injection_defense"", ""trust_tier"": ""trusted_ai_generated"", ""review_status"": ""pending_team_review"", ""enabled_for_runtime"": true}"
RAG-SUB-sensitive_data_privacy,RAG-M05,敏感数据与隐私保护,3,True,保护企业资料、学习者画像和交互日志中的敏感信息。,"[""RAG-SUB-prompt_injection_defense""]","[""保护企业资料、学习者画像和交互日志中的敏感信息。"", ""能在工程场景中识别并应用“敏感数据与隐私保护”的关键约束。"", ""能够使用可复现指标评估“敏感数据与隐私保护”的收益、成本、风险与适用边界。""]","[""内容来自第二份专业 AI 知识包，已纳入默认检索。"", ""当前信任级别为 trusted_ai_generated，仍需团队后续抽样和逐项复核。"", ""关键专业结论必须绑定 evidence_id，并在证据不足时拒答或转人工复核。""]","{""origin_package"": ""RAG工程实训知识库_v1.0"", ""origin_node_id"": ""sensitive_data_privacy"", ""trust_tier"": ""trusted_ai_generated"", ""review_status"": ""pending_team_review"", ""enabled_for_runtime"": true}"
RAG-SUB-retrieval_metrics,RAG-M06,检索评测指标,2,True,使用Recall@K、Precision@K、MRR、nDCG等指标测量候选质量。,"[""RAG-SUB-sensitive_data_privacy""]","[""使用Recall@K、Precision@K、MRR、nDCG等指标测量候选质量。"", ""能在工程场景中识别并应用“检索评测指标”的关键约束。"", ""能够使用可复现指标评估“检索评测指标”的收益、成本、风险与适用边界。""]","[""内容来自第二份专业 AI 知识包，已纳入默认检索。"", ""当前信任级别为 trusted_ai_generated，仍需团队后续抽样和逐项复核。"", ""关键专业结论必须绑定 evidence_id，并在证据不足时拒答或转人工复核。""]","{""origin_package"": ""RAG工程实训知识库_v1.0"", ""origin_node_id"": ""retrieval_metrics"", ""trust_tier"": ""trusted_ai_generated"", ""review_status"": ""pending_team_review"", ""enabled_for_runtime"": true}"
RAG-SUB-generation_metrics,RAG-M06,生成质量指标,3,True,评估答案忠实度、正确性、完整性、引用和表达质量。,"[""RAG-SUB-retrieval_metrics""]","[""评估答案忠实度、正确性、完整性、引用和表达质量。"", ""能在工程场景中识别并应用“生成质量指标”的关键约束。"", ""能够使用可复现指标评估“生成质量指标”的收益、成本、风险与适用边界。""]","[""内容来自第二份专业 AI 知识包，已纳入默认检索。"", ""当前信任级别为 trusted_ai_generated，仍需团队后续抽样和逐项复核。"", ""关键专业结论必须绑定 evidence_id，并在证据不足时拒答或转人工复核。""]","{""origin_package"": ""RAG工程实训知识库_v1.0"", ""origin_node_id"": ""generation_metrics"", ""trust_tier"": ""trusted_ai_generated"", ""review_status"": ""pending_team_review"", ""enabled_for_runtime"": true}"
RAG-SUB-end_to_end_evaluation,RAG-M06,端到端RAG评测,3,True,同时评价检索、生成、拒答、延迟、成本和用户任务完成度。,"[""RAG-SUB-generation_metrics""]","[""同时评价检索、生成、拒答、延迟、成本和用户任务完成度。"", ""能在工程场景中识别并应用“端到端RAG评测”的关键约束。"", ""能够使用可复现指标评估“端到端RAG评测”的收益、成本、风险与适用边界。""]","[""内容来自第二份专业 AI 知识包，已纳入默认检索。"", ""当前信任级别为 trusted_ai_generated，仍需团队后续抽样和逐项复核。"", ""关键专业结论必须绑定 evidence_id，并在证据不足时拒答或转人工复核。""]","{""origin_package"": ""RAG工程实训知识库_v1.0"", ""origin_node_id"": ""end_to_end_evaluation"", ""trust_tier"": ""trusted_ai_generated"", ""review_status"": ""pending_team_review"", ""enabled_for_runtime"": true}"
RAG-SUB-golden_dataset_design,RAG-M06,黄金评测集设计,3,True,构建覆盖知识、查询类型、难度、画像和失败边界的标注数据。,"[""RAG-SUB-end_to_end_evaluation""]","[""构建覆盖知识、查询类型、难度、画像和失败边界的标注数据。"", ""能在工程场景中识别并应用“黄金评测集设计”的关键约束。"", ""能够使用可复现指标评估“黄金评测集设计”的收益、成本、风险与适用边界。""]","[""内容来自第二份专业 AI 知识包，已纳入默认检索。"", ""当前信任级别为 trusted_ai_generated，仍需团队后续抽样和逐项复核。"", ""关键专业结论必须绑定 evidence_id，并在证据不足时拒答或转人工复核。""]","{""origin_package"": ""RAG工程实训知识库_v1.0"", ""origin_node_id"": ""golden_dataset_design"", ""trust_tier"": ""trusted_ai_generated"", ""review_status"": ""pending_team_review"", ""enabled_for_runtime"": true}"
RAG-SUB-online_monitoring_feedback,RAG-M06,在线监控与反馈,4,False,将线上检索、生成和用户反馈转化为可定位的质量信号。,"[""RAG-SUB-golden_dataset_design""]","[""将线上检索、生成和用户反馈转化为可定位的质量信号。"", ""能在工程场景中识别并应用“在线监控与反馈”的关键约束。"", ""能够使用可复现指标评估“在线监控与反馈”的收益、成本、风险与适用边界。""]","[""内容来自第二份专业 AI 知识包，已纳入默认检索。"", ""当前信任级别为 trusted_ai_generated，仍需团队后续抽样和逐项复核。"", ""关键专业结论必须绑定 evidence_id，并在证据不足时拒答或转人工复核。""]","{""origin_package"": ""RAG工程实训知识库_v1.0"", ""origin_node_id"": ""online_monitoring_feedback"", ""trust_tier"": ""trusted_ai_generated"", ""review_status"": ""pending_team_review"", ""enabled_for_runtime"": true}"
RAG-SUB-agentic_rag,RAG-M07,Agentic RAG,4,False,让智能体根据任务动态规划检索、工具调用和停止条件。,"[""RAG-SUB-online_monitoring_feedback""]","[""让智能体根据任务动态规划检索、工具调用和停止条件。"", ""能在工程场景中识别并应用“Agentic RAG”的关键约束。"", ""能够使用可复现指标评估“Agentic RAG”的收益、成本、风险与适用边界。""]","[""内容来自第二份专业 AI 知识包，已纳入默认检索。"", ""当前信任级别为 trusted_ai_generated，仍需团队后续抽样和逐项复核。"", ""关键专业结论必须绑定 evidence_id，并在证据不足时拒答或转人工复核。""]","{""origin_package"": ""RAG工程实训知识库_v1.0"", ""origin_node_id"": ""agentic_rag"", ""trust_tier"": ""trusted_ai_generated"", ""review_status"": ""pending_team_review"", ""enabled_for_runtime"": true}"
RAG-SUB-self_rag,RAG-M07,Self-RAG自反思检索生成,5,False,理解模型在生成过程中学习何时检索并评价自身输出的思路。,"[""RAG-SUB-agentic_rag""]","[""理解模型在生成过程中学习何时检索并评价自身输出的思路。"", ""能在工程场景中识别并应用“Self-RAG自反思检索生成”的关键约束。"", ""能够使用可复现指标评估“Self-RAG自反思检索生成”的收益、成本、风险与适用边界。""]","[""内容来自第二份专业 AI 知识包，已纳入默认检索。"", ""当前信任级别为 trusted_ai_generated，仍需团队后续抽样和逐项复核。"", ""关键专业结论必须绑定 evidence_id，并在证据不足时拒答或转人工复核。""]","{""origin_package"": ""RAG工程实训知识库_v1.0"", ""origin_node_id"": ""self_rag"", ""trust_tier"": ""trusted_ai_generated"", ""review_status"": ""pending_team_review"", ""enabled_for_runtime"": true}"
RAG-SUB-corrective_rag,RAG-M07,Corrective RAG,4,False,在检索质量不足时触发纠错、补充检索或降级。,"[""RAG-SUB-self_rag""]","[""在检索质量不足时触发纠错、补充检索或降级。"", ""能在工程场景中识别并应用“Corrective RAG”的关键约束。"", ""能够使用可复现指标评估“Corrective RAG”的收益、成本、风险与适用边界。""]","[""内容来自第二份专业 AI 知识包，已纳入默认检索。"", ""当前信任级别为 trusted_ai_generated，仍需团队后续抽样和逐项复核。"", ""关键专业结论必须绑定 evidence_id，并在证据不足时拒答或转人工复核。""]","{""origin_package"": ""RAG工程实训知识库_v1.0"", ""origin_node_id"": ""corrective_rag"", ""trust_tier"": ""trusted_ai_generated"", ""review_status"": ""pending_team_review"", ""enabled_for_runtime"": true}"
RAG-SUB-graph_rag,RAG-M07,Graph RAG,5,False,利用实体关系、社区摘要或图遍历支持跨文档关联问题。,"[""RAG-SUB-corrective_rag""]","[""利用实体关系、社区摘要或图遍历支持跨文档关联问题。"", ""能在工程场景中识别并应用“Graph RAG”的关键约束。"", ""能够使用可复现指标评估“Graph RAG”的收益、成本、风险与适用边界。""]","[""内容来自第二份专业 AI 知识包，已纳入默认检索。"", ""当前信任级别为 trusted_ai_generated，仍需团队后续抽样和逐项复核。"", ""关键专业结论必须绑定 evidence_id，并在证据不足时拒答或转人工复核。""]","{""origin_package"": ""RAG工程实训知识库_v1.0"", ""origin_node_id"": ""graph_rag"", ""trust_tier"": ""trusted_ai_generated"", ""review_status"": ""pending_team_review"", ""enabled_for_runtime"": true}"
RAG-SUB-tool_routing_multi_source,RAG-M07,多源路由与工具选择,4,False,在向量库、关键词索引、数据库、API和知识图谱之间选择合适数据源。,"[""RAG-SUB-graph_rag""]","[""在向量库、关键词索引、数据库、API和知识图谱之间选择合适数据源。"", ""能在工程场景中识别并应用“多源路由与工具选择”的关键约束。"", ""能够使用可复现指标评估“多源路由与工具选择”的收益、成本、风险与适用边界。""]","[""内容来自第二份专业 AI 知识包，已纳入默认检索。"", ""当前信任级别为 trusted_ai_generated，仍需团队后续抽样和逐项复核。"", ""关键专业结论必须绑定 evidence_id，并在证据不足时拒答或转人工复核。""]","{""origin_package"": ""RAG工程实训知识库_v1.0"", ""origin_node_id"": ""tool_routing_multi_source"", ""trust_tier"": ""trusted_ai_generated"", ""review_status"": ""pending_team_review"", ""enabled_for_runtime"": true}"
RAG-SUB-observability_tracing,RAG-M06,可观测性与链路追踪,3,True,追踪一次RAG请求经过的检索、重排、生成、审核和仲裁步骤。,"[""RAG-SUB-tool_routing_multi_source""]","[""追踪一次RAG请求经过的检索、重排、生成、审核和仲裁步骤。"", ""能在工程场景中识别并应用“可观测性与链路追踪”的关键约束。"", ""能够使用可复现指标评估“可观测性与链路追踪”的收益、成本、风险与适用边界。""]","[""内容来自第二份专业 AI 知识包，已纳入默认检索。"", ""当前信任级别为 trusted_ai_generated，仍需团队后续抽样和逐项复核。"", ""关键专业结论必须绑定 evidence_id，并在证据不足时拒答或转人工复核。""]","{""origin_package"": ""RAG工程实训知识库_v1.0"", ""origin_node_id"": ""observability_tracing"", ""trust_tier"": ""trusted_ai_generated"", ""review_status"": ""pending_team_review"", ""enabled_for_runtime"": true}"
RAG-SUB-latency_cost_optimization,RAG-M08,延迟与成本优化,4,False,在质量约束下优化检索、重排、上下文和模型调用成本。,"[""RAG-SUB-observability_tracing""]","[""在质量约束下优化检索、重排、上下文和模型调用成本。"", ""能在工程场景中识别并应用“延迟与成本优化”的关键约束。"", ""能够使用可复现指标评估“延迟与成本优化”的收益、成本、风险与适用边界。""]","[""内容来自第二份专业 AI 知识包，已纳入默认检索。"", ""当前信任级别为 trusted_ai_generated，仍需团队后续抽样和逐项复核。"", ""关键专业结论必须绑定 evidence_id，并在证据不足时拒答或转人工复核。""]","{""origin_package"": ""RAG工程实训知识库_v1.0"", ""origin_node_id"": ""latency_cost_optimization"", ""trust_tier"": ""trusted_ai_generated"", ""review_status"": ""pending_team_review"", ""enabled_for_runtime"": true}"
RAG-SUB-caching_idempotency,RAG-M08,缓存与幂等,3,False,安全复用稳定结果并防止重试造成重复任务。,"[""RAG-SUB-latency_cost_optimization""]","[""安全复用稳定结果并防止重试造成重复任务。"", ""能在工程场景中识别并应用“缓存与幂等”的关键约束。"", ""能够使用可复现指标评估“缓存与幂等”的收益、成本、风险与适用边界。""]","[""内容来自第二份专业 AI 知识包，已纳入默认检索。"", ""当前信任级别为 trusted_ai_generated，仍需团队后续抽样和逐项复核。"", ""关键专业结论必须绑定 evidence_id，并在证据不足时拒答或转人工复核。""]","{""origin_package"": ""RAG工程实训知识库_v1.0"", ""origin_node_id"": ""caching_idempotency"", ""trust_tier"": ""trusted_ai_generated"", ""review_status"": ""pending_team_review"", ""enabled_for_runtime"": true}"
RAG-SUB-deployment_fallback,RAG-M08,部署与降级,4,True,保证模型、向量库或外部服务异常时系统可预测地降级。,"[""RAG-SUB-caching_idempotency""]","[""保证模型、向量库或外部服务异常时系统可预测地降级。"", ""能在工程场景中识别并应用“部署与降级”的关键约束。"", ""能够使用可复现指标评估“部署与降级”的收益、成本、风险与适用边界。""]","[""内容来自第二份专业 AI 知识包，已纳入默认检索。"", ""当前信任级别为 trusted_ai_generated，仍需团队后续抽样和逐项复核。"", ""关键专业结论必须绑定 evidence_id，并在证据不足时拒答或转人工复核。""]","{""origin_package"": ""RAG工程实训知识库_v1.0"", ""origin_node_id"": ""deployment_fallback"", ""trust_tier"": ""trusted_ai_generated"", ""review_status"": ""pending_team_review"", ""enabled_for_runtime"": true}"
RAG-SUB-continuous_updates_regression,RAG-M06,持续更新与回归,4,True,在知识、模型和提示词变化后保持质量可控。,"[""RAG-SUB-deployment_fallback""]","[""在知识、模型和提示词变化后保持质量可控。"", ""能在工程场景中识别并应用“持续更新与回归”的关键约束。"", ""能够使用可复现指标评估“持续更新与回归”的收益、成本、风险与适用边界。""]","[""内容来自第二份专业 AI 知识包，已纳入默认检索。"", ""当前信任级别为 trusted_ai_generated，仍需团队后续抽样和逐项复核。"", ""关键专业结论必须绑定 evidence_id，并在证据不足时拒答或转人工复核。""]","{""origin_package"": ""RAG工程实训知识库_v1.0"", ""origin_node_id"": ""continuous_updates_regression"", ""trust_tier"": ""trusted_ai_generated"", ""review_status"": ""pending_team_review"", ""enabled_for_runtime"": true}"
