question_id,knowledge_node_id,question_type,difficulty_level,stem,options,answer,explanation,evidence_ids
9ad3d8eb-9df9-52f2-b51a-ce6cc22ea1c3,RAG-M01-N01,single_choice,1,关于“RAG的定义、目标与边界”，以下哪项表述最准确？,"[{""option_id"": ""A"", ""option_text"": ""RAG会把上传文档训练进模型参数。""}, {""option_id"": ""B"", ""option_text"": ""RAG把检索器与生成模型组合起来：检索器从显式知识源中返回与任务相关的证据，生成模型再依据任务指令与证据组织输出。知识主要保存在可更新的外部存储中，而不是全部依赖模型参数记忆。""}, {""option_id"": ""C"", ""option_text"": ""RAG的定义、目标与边界不需要任何评测或版本记录。""}, {""option_id"": ""D"", ""option_text"": ""RAG的定义、目标与边界只适用于演示环境，无法用于工程系统。""}]",,RAG把检索器与生成模型组合起来：检索器从显式知识源中返回与任务相关的证据，生成模型再依据任务指令与证据组织输出。知识主要保存在可更新的外部存储中，而不是全部依赖模型参数记忆。,"[""30aa7214-53ca-50c1-ba4d-3a8dc49a2e34""]"
b50ae04c-402c-5c8f-b4d1-0c208af1fffd,RAG-M01-N01,true_false,1,RAG会把上传文档训练进模型参数。,"[{""option_id"": ""T"", ""option_text"": ""正确""}, {""option_id"": ""F"", ""option_text"": ""错误""}]",,标准RAG通常在推理阶段检索外部索引，不要求修改基础模型参数。,"[""30aa7214-53ca-50c1-ba4d-3a8dc49a2e34"", ""c170ae95-9b55-5e85-9857-46a84b4e7711""]"
529607c2-6969-5725-aef9-853c0e1f57af,RAG-M01-N01,short_answer,2,请用不超过200字说明RAG的定义、目标与边界的核心目标、一个适用边界和一个质量验证方法。,[],,答案必须同时包含目标、边界和可验证方法，不能只复述名词。,"[""30aa7214-53ca-50c1-ba4d-3a8dc49a2e34"", ""c170ae95-9b55-5e85-9857-46a84b4e7711"", ""6651205b-2e94-5f91-a6db-34d0af08c3e0""]"
3564cdfe-1447-5c14-88b9-c37dccd817b8,RAG-M01-N01,short_answer,2,在企业RAG项目中需要应用“RAG的定义、目标与边界”。请给出实施步骤、失败风险和验收证据。,[],,按照知识点目标和边界给出可落地方案。,"[""30aa7214-53ca-50c1-ba4d-3a8dc49a2e34"", ""c170ae95-9b55-5e85-9857-46a84b4e7711"", ""6651205b-2e94-5f91-a6db-34d0af08c3e0"", ""f27b31af-a9cf-5abc-bd1b-a61c4a459ff3""]"
2e0fd2d1-c74b-58d6-b20d-2657aaa16182,RAG-M01-N02,single_choice,1,关于“RAG端到端流水线与责任分层”，以下哪项表述最准确？,"[{""option_id"": ""A"", ""option_text"": ""RAG流水线就是“embedding后top-k再问模型”。""}, {""option_id"": ""B"", ""option_text"": ""离线阶段负责资料登记、解析、清洗、切片、元数据补全、嵌入或关键词索引、图关系构建、质量评测和版本发布。只有通过门禁的知识库版本才允许被在线工作流使用。""}, {""option_id"": ""C"", ""option_text"": ""RAG端到端流水线与责任分层不需要任何评测或版本记录。""}, {""option_id"": ""D"", ""option_text"": ""RAG端到端流水线与责任分层只适用于演示环境，无法用于工程系统。""}]",,离线阶段负责资料登记、解析、清洗、切片、元数据补全、嵌入或关键词索引、图关系构建、质量评测和版本发布。只有通过门禁的知识库版本才允许被在线工作流使用。,"[""e03a7e60-d324-5f5e-834f-7381739e0810""]"
177eb494-17cc-534b-83e7-c97892c37937,RAG-M01-N02,true_false,1,RAG流水线就是“embedding后top-k再问模型”。,"[{""option_id"": ""T"", ""option_text"": ""正确""}, {""option_id"": ""F"", ""option_text"": ""错误""}]",,这是最小原型；生产链路还需要数据治理、过滤、融合、重排、引用、评测和版本管理。,"[""e03a7e60-d324-5f5e-834f-7381739e0810"", ""01c56b02-c15f-576b-9b9d-68c47d67916b""]"
fa229a6b-5a33-554e-8e34-2312f6a4bacb,RAG-M01-N02,short_answer,2,请用不超过200字说明RAG端到端流水线与责任分层的核心目标、一个适用边界和一个质量验证方法。,[],,答案必须同时包含目标、边界和可验证方法，不能只复述名词。,"[""e03a7e60-d324-5f5e-834f-7381739e0810"", ""01c56b02-c15f-576b-9b9d-68c47d67916b"", ""4f80f1b6-c99f-5f35-8eac-065eadf712ad""]"
8e8274be-683b-5942-a054-1c73ba67d52b,RAG-M01-N02,short_answer,2,在企业RAG项目中需要应用“RAG端到端流水线与责任分层”。请给出实施步骤、失败风险和验收证据。,[],,按照知识点目标和边界给出可落地方案。,"[""e03a7e60-d324-5f5e-834f-7381739e0810"", ""01c56b02-c15f-576b-9b9d-68c47d67916b"", ""4f80f1b6-c99f-5f35-8eac-065eadf712ad"", ""0cbdabc0-1c7f-5315-b264-d7240cc87b5d""]"
900afc0e-62a5-51b2-bc05-e2648563c19f,RAG-M01-N03,single_choice,2,关于“RAG、微调、长上下文与工具调用的选择”，以下哪项表述最准确？,"[{""option_id"": ""A"", ""option_text"": ""微调以后就不需要知识库。""}, {""option_id"": ""B"", ""option_text"": ""当知识频繁更新、来源必须可追溯、不同租户拥有不同资料或需要权限过滤时，RAG通常优于把事实写入模型参数。知识版本可以独立发布和回滚。""}, {""option_id"": ""C"", ""option_text"": ""RAG、微调、长上下文与工具调用的选择不需要任何评测或版本记录。""}, {""option_id"": ""D"", ""option_text"": ""RAG、微调、长上下文与工具调用的选择只适用于演示环境，无法用于工程系统。""}]",,当知识频繁更新、来源必须可追溯、不同租户拥有不同资料或需要权限过滤时，RAG通常优于把事实写入模型参数。知识版本可以独立发布和回滚。,"[""f2b2fa8a-fee3-586e-bbc3-98b5ecb5f1af""]"
3955e800-f2a0-5a0c-8be8-c084c2e0b0a6,RAG-M01-N03,true_false,2,微调以后就不需要知识库。,"[{""option_id"": ""T"", ""option_text"": ""正确""}, {""option_id"": ""F"", ""option_text"": ""错误""}]",,行为适配和事实检索解决不同问题，常见生产方案会组合使用。,"[""f2b2fa8a-fee3-586e-bbc3-98b5ecb5f1af"", ""3bbdce74-b29f-52ac-8394-06056f2e85f0""]"
be009074-de3f-5998-baf3-c6e3a66b74b1,RAG-M01-N03,short_answer,3,请用不超过200字说明RAG、微调、长上下文与工具调用的选择的核心目标、一个适用边界和一个质量验证方法。,[],,答案必须同时包含目标、边界和可验证方法，不能只复述名词。,"[""f2b2fa8a-fee3-586e-bbc3-98b5ecb5f1af"", ""3bbdce74-b29f-52ac-8394-06056f2e85f0"", ""bdafa642-49da-5f6f-897b-a1302eae874a""]"
53bc4786-a4d2-5118-ba12-9a7fb0a8cf95,RAG-M01-N03,short_answer,3,在企业RAG项目中需要应用“RAG、微调、长上下文与工具调用的选择”。请给出实施步骤、失败风险和验收证据。,[],,按照知识点目标和边界给出可落地方案。,"[""f2b2fa8a-fee3-586e-bbc3-98b5ecb5f1af"", ""3bbdce74-b29f-52ac-8394-06056f2e85f0"", ""bdafa642-49da-5f6f-897b-a1302eae874a"", ""135c2547-e958-5725-b386-ba992f9a2714""]"
f821294f-fc56-522d-9666-2ea8f956833d,RAG-M01-N04,single_choice,2,关于“需求分析、成功指标与RAG架构决策”，以下哪项表述最准确？,"[{""option_id"": ""A"", ""option_text"": ""先把系统做出来，再找一些问题测试。""}, {""option_id"": ""B"", ""option_text"": ""需求文档需要说明谁在什么情境下提出什么问题、可接受哪些来源、哪些答案必须拒答、错误会造成什么后果。仅写“做一个智能知识库”无法指导切片、权限和评测。""}, {""option_id"": ""C"", ""option_text"": ""需求分析、成功指标与RAG架构决策不需要任何评测或版本记录。""}, {""option_id"": ""D"", ""option_text"": ""需求分析、成功指标与RAG架构决策只适用于演示环境，无法用于工程系统。""}]",,需求文档需要说明谁在什么情境下提出什么问题、可接受哪些来源、哪些答案必须拒答、错误会造成什么后果。仅写“做一个智能知识库”无法指导切片、权限和评测。,"[""3ed623c7-fb38-5e39-bc64-befbff600e5a""]"
245e49c7-0cbd-59ce-9273-bf5349d0c66f,RAG-M01-N04,true_false,2,先把系统做出来，再找一些问题测试。,"[{""option_id"": ""T"", ""option_text"": ""正确""}, {""option_id"": ""F"", ""option_text"": ""错误""}]",,评测集应在核心实现前冻结，否则容易只测试系统擅长的问题。,"[""3ed623c7-fb38-5e39-bc64-befbff600e5a"", ""f48d4afb-0300-5ea2-a1e3-aad1427e3a34""]"
e6f4201d-134a-534f-9453-8c4e383bec5c,RAG-M01-N04,short_answer,3,请用不超过200字说明需求分析、成功指标与RAG架构决策的核心目标、一个适用边界和一个质量验证方法。,[],,答案必须同时包含目标、边界和可验证方法，不能只复述名词。,"[""3ed623c7-fb38-5e39-bc64-befbff600e5a"", ""f48d4afb-0300-5ea2-a1e3-aad1427e3a34"", ""0a53a5bd-4026-5071-82ac-2b8e27cba817""]"
d4e21d64-2bea-51ce-91b2-5137ee748b6b,RAG-M01-N04,short_answer,3,在企业RAG项目中需要应用“需求分析、成功指标与RAG架构决策”。请给出实施步骤、失败风险和验收证据。,[],,按照知识点目标和边界给出可落地方案。,"[""3ed623c7-fb38-5e39-bc64-befbff600e5a"", ""f48d4afb-0300-5ea2-a1e3-aad1427e3a34"", ""0a53a5bd-4026-5071-82ac-2b8e27cba817"", ""3d5cd78b-15d8-54f0-b2b4-db02eb10b962""]"
e5c86546-2d95-5a91-bb45-303a60db8e5b,RAG-M02-N01,single_choice,1,关于“知识源治理、可信等级与准入”，以下哪项表述最准确？,"[{""option_id"": ""A"", ""option_text"": ""公开网页都可以直接作为权威知识。""}, {""option_id"": ""B"", ""option_text"": ""每份资料至少登记文档ID、标题、发布机构、版本或日期、获取渠道、授权状态、适用范围、负责人、校验时间和内容哈希。缺少关键元数据的资料只能进入隔离区，不能直接发布。""}, {""option_id"": ""C"", ""option_text"": ""知识源治理、可信等级与准入不需要任何评测或版本记录。""}, {""option_id"": ""D"", ""option_text"": ""知识源治理、可信等级与准入只适用于演示环境，无法用于工程系统。""}]",,每份资料至少登记文档ID、标题、发布机构、版本或日期、获取渠道、授权状态、适用范围、负责人、校验时间和内容哈希。缺少关键元数据的资料只能进入隔离区，不能直接发布。,"[""3e812057-6f3c-58b4-879c-b84b70205ca3""]"
ce1b6ab6-5708-5aaa-be9a-d54b584c3a1b,RAG-M02-N01,true_false,1,公开网页都可以直接作为权威知识。,"[{""option_id"": ""T"", ""option_text"": ""正确""}, {""option_id"": ""F"", ""option_text"": ""错误""}]",,公开可访问不等于准确、授权清晰或适用于当前场景。,"[""3e812057-6f3c-58b4-879c-b84b70205ca3"", ""7e8f9330-fd2c-5cf2-aee7-1101bd092085""]"
bd5878c8-8b59-5a29-af36-81bcdb03a4b4,RAG-M02-N01,short_answer,2,请用不超过200字说明知识源治理、可信等级与准入的核心目标、一个适用边界和一个质量验证方法。,[],,答案必须同时包含目标、边界和可验证方法，不能只复述名词。,"[""3e812057-6f3c-58b4-879c-b84b70205ca3"", ""7e8f9330-fd2c-5cf2-aee7-1101bd092085"", ""33ddfbdd-4719-5f27-bf5d-b22f52551dcf""]"
80073267-c059-5190-8b71-df7eaa603dfd,RAG-M02-N01,short_answer,2,在企业RAG项目中需要应用“知识源治理、可信等级与准入”。请给出实施步骤、失败风险和验收证据。,[],,按照知识点目标和边界给出可落地方案。,"[""3e812057-6f3c-58b4-879c-b84b70205ca3"", ""7e8f9330-fd2c-5cf2-aee7-1101bd092085"", ""33ddfbdd-4719-5f27-bf5d-b22f52551dcf"", ""19a5d2af-6eb3-5673-b2cb-087fac1fa0be""]"
b9d71edc-d04f-580f-abb3-330c23752cc2,RAG-M02-N02,single_choice,2,关于“文档解析、清洗与结构保真”，以下哪项表述最准确？,"[{""option_id"": ""A"", ""option_text"": ""所有PDF都可以直接提取文本。""}, {""option_id"": ""B"", ""option_text"": ""Markdown、HTML、DOCX、原生PDF、扫描PDF、表格和代码仓库需要不同解析策略。优先使用原生文本和结构信息；只有没有可靠文本层时才使用OCR，并保留OCR置信度。""}, {""option_id"": ""C"", ""option_text"": ""文档解析、清洗与结构保真不需要任何评测或版本记录。""}, {""option_id"": ""D"", ""option_text"": ""文档解析、清洗与结构保真只适用于演示环境，无法用于工程系统。""}]",,Markdown、HTML、DOCX、原生PDF、扫描PDF、表格和代码仓库需要不同解析策略。优先使用原生文本和结构信息；只有没有可靠文本层时才使用OCR，并保留OCR置信度。,"[""507145bd-82bf-57de-ba2c-02e7c516d149""]"
ac02b1b1-f6df-539c-bd21-b365ab51ee06,RAG-M02-N02,true_false,2,所有PDF都可以直接提取文本。,"[{""option_id"": ""T"", ""option_text"": ""正确""}, {""option_id"": ""F"", ""option_text"": ""错误""}]",,扫描PDF可能没有文本层，复杂版面也可能发生阅读顺序错误。,"[""507145bd-82bf-57de-ba2c-02e7c516d149"", ""459f4320-ffba-555d-9b05-e679be68ff95""]"
4b60625b-8cba-5203-8b03-fc3924d50eed,RAG-M02-N02,short_answer,3,请用不超过200字说明文档解析、清洗与结构保真的核心目标、一个适用边界和一个质量验证方法。,[],,答案必须同时包含目标、边界和可验证方法，不能只复述名词。,"[""507145bd-82bf-57de-ba2c-02e7c516d149"", ""459f4320-ffba-555d-9b05-e679be68ff95"", ""44da0ddb-5f54-55a7-a6d2-dd3665dbd829""]"
472a1bc9-eded-5312-83c7-b91803981b02,RAG-M02-N02,short_answer,3,在企业RAG项目中需要应用“文档解析、清洗与结构保真”。请给出实施步骤、失败风险和验收证据。,[],,按照知识点目标和边界给出可落地方案。,"[""507145bd-82bf-57de-ba2c-02e7c516d149"", ""459f4320-ffba-555d-9b05-e679be68ff95"", ""44da0ddb-5f54-55a7-a6d2-dd3665dbd829"", ""d3ec5725-8e5f-57b6-aec7-c0f45172e0bb""]"
7d875457-ec0b-535d-aaaa-8729de995df7,RAG-M02-N03,single_choice,2,关于“切片策略、语义边界与父子结构”，以下哪项表述最准确？,"[{""option_id"": ""A"", ""option_text"": ""chunk size越大，模型得到的信息越多，所以越好。""}, {""option_id"": ""B"", ""option_text"": ""一个切片应尽量围绕单一可回答主题，保留定义、条件、例外和结论。跨标题、把否定条件拆开或把表头与数据分离，都会产生表面相关但不可用的证据。""}, {""option_id"": ""C"", ""option_text"": ""切片策略、语义边界与父子结构不需要任何评测或版本记录。""}, {""option_id"": ""D"", ""option_text"": ""切片策略、语义边界与父子结构只适用于演示环境，无法用于工程系统。""}]",,一个切片应尽量围绕单一可回答主题，保留定义、条件、例外和结论。跨标题、把否定条件拆开或把表头与数据分离，都会产生表面相关但不可用的证据。,"[""afb69292-46aa-55c7-b4b5-5b895d9d4513""]"
22055101-d133-5b4f-9757-8ebd6a30eba9,RAG-M02-N03,true_false,2,chunk size越大，模型得到的信息越多，所以越好。,"[{""option_id"": ""T"", ""option_text"": ""正确""}, {""option_id"": ""F"", ""option_text"": ""错误""}]",,过大切片会降低定位精度、增加噪声和上下文成本。,"[""afb69292-46aa-55c7-b4b5-5b895d9d4513"", ""42e17c0b-2db3-52ac-b398-eca5dc702b4f""]"
4d4ad22d-37b5-5d0e-b357-99e930ed554a,RAG-M02-N03,short_answer,3,请用不超过200字说明切片策略、语义边界与父子结构的核心目标、一个适用边界和一个质量验证方法。,[],,答案必须同时包含目标、边界和可验证方法，不能只复述名词。,"[""afb69292-46aa-55c7-b4b5-5b895d9d4513"", ""42e17c0b-2db3-52ac-b398-eca5dc702b4f"", ""f4b2772e-9f5f-5419-9b2b-cd8a22ef39de""]"
5d72df24-5bf6-53c4-9016-dd3525fc2318,RAG-M02-N03,short_answer,3,在企业RAG项目中需要应用“切片策略、语义边界与父子结构”。请给出实施步骤、失败风险和验收证据。,[],,按照知识点目标和边界给出可落地方案。,"[""afb69292-46aa-55c7-b4b5-5b895d9d4513"", ""42e17c0b-2db3-52ac-b398-eca5dc702b4f"", ""f4b2772e-9f5f-5419-9b2b-cd8a22ef39de"", ""8ccfef39-f6ff-5035-a27f-e0413f934758""]"
2dce8c93-a0a5-5123-9a14-1fba8a6a8291,RAG-M02-N04,single_choice,3,关于“元数据、版本、血缘与知识发布”，以下哪项表述最准确？,"[{""option_id"": ""A"", ""option_text"": ""metadata只是方便展示，可以后补。""}, {""option_id"": ""B"", ""option_text"": ""切片至少包含chunk_id、document_id、knowledge_node_id、标题路径、页码或锚点、版本、语言、难度、来源等级、有效期、权限标签、内容哈希和父子关系。""}, {""option_id"": ""C"", ""option_text"": ""元数据、版本、血缘与知识发布不需要任何评测或版本记录。""}, {""option_id"": ""D"", ""option_text"": ""元数据、版本、血缘与知识发布只适用于演示环境，无法用于工程系统。""}]",,切片至少包含chunk_id、document_id、knowledge_node_id、标题路径、页码或锚点、版本、语言、难度、来源等级、有效期、权限标签、内容哈希和父子关系。,"[""110a39ee-0b6b-56b0-9c4f-626fbb785b1a""]"
15a95d30-8ec7-508e-8ba6-bf0a4c154149,RAG-M02-N04,true_false,3,metadata只是方便展示，可以后补。,"[{""option_id"": ""T"", ""option_text"": ""正确""}, {""option_id"": ""F"", ""option_text"": ""错误""}]",,权限过滤、版本回放、引用和评测都依赖元数据，必须在接入时建立。,"[""110a39ee-0b6b-56b0-9c4f-626fbb785b1a"", ""de2d06e7-6962-5ce2-b3f9-b8d983be22b8""]"
5b121759-64ae-58ad-b351-cddeeef6be36,RAG-M02-N04,short_answer,4,请用不超过200字说明元数据、版本、血缘与知识发布的核心目标、一个适用边界和一个质量验证方法。,[],,答案必须同时包含目标、边界和可验证方法，不能只复述名词。,"[""110a39ee-0b6b-56b0-9c4f-626fbb785b1a"", ""de2d06e7-6962-5ce2-b3f9-b8d983be22b8"", ""8682abe8-16eb-58ff-8869-c1fa1c56290c""]"
434aaf76-a914-5d0b-b423-a0e77630fb67,RAG-M02-N04,short_answer,4,在企业RAG项目中需要应用“元数据、版本、血缘与知识发布”。请给出实施步骤、失败风险和验收证据。,[],,按照知识点目标和边界给出可落地方案。,"[""110a39ee-0b6b-56b0-9c4f-626fbb785b1a"", ""de2d06e7-6962-5ce2-b3f9-b8d983be22b8"", ""8682abe8-16eb-58ff-8869-c1fa1c56290c"", ""4cb0290e-cbda-526c-b420-5e1044866f55""]"
1f84c524-c4bb-5ec5-adef-da6c3895f1cb,RAG-M03-N01,single_choice,2,关于“文本嵌入、向量表示与相似度”，以下哪项表述最准确？,"[{""option_id"": ""A"", ""option_text"": ""语义相关就一定事实相关。""}, {""option_id"": ""B"", ""option_text"": ""句向量模型把可变长度文本编码为固定维度向量，目标是让语义相关文本在向量空间中更接近。它适合召回同义表达，但不保证精确匹配编号、公式或专有缩写。""}, {""option_id"": ""C"", ""option_text"": ""文本嵌入、向量表示与相似度不需要任何评测或版本记录。""}, {""option_id"": ""D"", ""option_text"": ""文本嵌入、向量表示与相似度只适用于演示环境，无法用于工程系统。""}]",,句向量模型把可变长度文本编码为固定维度向量，目标是让语义相关文本在向量空间中更接近。它适合召回同义表达，但不保证精确匹配编号、公式或专有缩写。,"[""d2603583-8af0-5455-9b44-3d5e989c94c1""]"
cfdbb776-c268-57d5-851f-ecc3e4962409,RAG-M03-N01,true_false,2,语义相关就一定事实相关。,"[{""option_id"": ""T"", ""option_text"": ""正确""}, {""option_id"": ""F"", ""option_text"": ""错误""}]",,嵌入召回的是相似表达，仍可能缺少适用条件、版本或具体事实。,"[""d2603583-8af0-5455-9b44-3d5e989c94c1"", ""32df7ce1-8afb-5cfb-9b25-91de8fed3532""]"
90d329c1-2d5b-50e7-a5c6-ec2faff4c8fa,RAG-M03-N01,short_answer,3,请用不超过200字说明文本嵌入、向量表示与相似度的核心目标、一个适用边界和一个质量验证方法。,[],,答案必须同时包含目标、边界和可验证方法，不能只复述名词。,"[""d2603583-8af0-5455-9b44-3d5e989c94c1"", ""32df7ce1-8afb-5cfb-9b25-91de8fed3532"", ""9b9b3e6f-796b-5b9e-b2ac-7dd455c1f2f0""]"
ca677501-0fe7-5a92-9a39-5daea21edc60,RAG-M03-N01,short_answer,3,在企业RAG项目中需要应用“文本嵌入、向量表示与相似度”。请给出实施步骤、失败风险和验收证据。,[],,按照知识点目标和边界给出可落地方案。,"[""d2603583-8af0-5455-9b44-3d5e989c94c1"", ""32df7ce1-8afb-5cfb-9b25-91de8fed3532"", ""9b9b3e6f-796b-5b9e-b2ac-7dd455c1f2f0"", ""2e9c8abd-4f76-5113-9886-e0d3edd77542""]"
1f3b5424-e624-5cb5-a15b-ec28bd24817c,RAG-M03-N02,single_choice,3,关于“向量存储、精确搜索、HNSW与IVFFlat”，以下哪项表述最准确？,"[{""option_id"": ""A"", ""option_text"": ""上了HNSW以后结果和精确搜索完全相同。""}, {""option_id"": ""B"", ""option_text"": ""pgvector默认可执行精确最近邻搜索，适合小规模数据和评测基线。近似索引通过减少搜索范围提高速度，但可能牺牲召回，因此应定期与精确结果比较。""}, {""option_id"": ""C"", ""option_text"": ""向量存储、精确搜索、HNSW与IVFFlat不需要任何评测或版本记录。""}, {""option_id"": ""D"", ""option_text"": ""向量存储、精确搜索、HNSW与IVFFlat只适用于演示环境，无法用于工程系统。""}]",,pgvector默认可执行精确最近邻搜索，适合小规模数据和评测基线。近似索引通过减少搜索范围提高速度，但可能牺牲召回，因此应定期与精确结果比较。,"[""0db4adce-4113-5ed8-844f-89563f132422""]"
9024e22a-d0d0-5d31-8f42-fa2a624e90fa,RAG-M03-N02,true_false,3,上了HNSW以后结果和精确搜索完全相同。,"[{""option_id"": ""T"", ""option_text"": ""正确""}, {""option_id"": ""F"", ""option_text"": ""错误""}]",,HNSW属于近似搜索，需要用精确基线监测召回损失。,"[""0db4adce-4113-5ed8-844f-89563f132422"", ""5e8ced64-0f8f-5a42-906f-fa6ec450dc0f""]"
27aa7850-9970-59f0-81ec-24a30e6f0f6c,RAG-M03-N02,short_answer,4,请用不超过200字说明向量存储、精确搜索、HNSW与IVFFlat的核心目标、一个适用边界和一个质量验证方法。,[],,答案必须同时包含目标、边界和可验证方法，不能只复述名词。,"[""0db4adce-4113-5ed8-844f-89563f132422"", ""5e8ced64-0f8f-5a42-906f-fa6ec450dc0f"", ""383e3b96-5fe2-5637-975e-836e1a294892""]"
0e065e56-d383-5f21-9970-5f8cb01258bf,RAG-M03-N02,short_answer,4,在企业RAG项目中需要应用“向量存储、精确搜索、HNSW与IVFFlat”。请给出实施步骤、失败风险和验收证据。,[],,按照知识点目标和边界给出可落地方案。,"[""0db4adce-4113-5ed8-844f-89563f132422"", ""5e8ced64-0f8f-5a42-906f-fa6ec450dc0f"", ""383e3b96-5fe2-5637-975e-836e1a294892"", ""881618b9-0202-5397-b16b-fb002bf8a858""]"
935700bc-dcf8-5fb8-9f6a-483142fcfd14,RAG-M03-N03,single_choice,2,关于“BM25、关键词检索与精确术语召回”，以下哪项表述最准确？,"[{""option_id"": ""A"", ""option_text"": ""向量检索出现后关键词检索已经过时。""}, {""option_id"": ""B"", ""option_text"": ""BM25综合词项频率、文档频率和文档长度，对在少量文档中出现的查询词给予较高区分度，并通过饱和机制避免词频无限放大。""}, {""option_id"": ""C"", ""option_text"": ""BM25、关键词检索与精确术语召回不需要任何评测或版本记录。""}, {""option_id"": ""D"", ""option_text"": ""BM25、关键词检索与精确术语召回只适用于演示环境，无法用于工程系统。""}]",,BM25综合词项频率、文档频率和文档长度，对在少量文档中出现的查询词给予较高区分度，并通过饱和机制避免词频无限放大。,"[""6cf90763-ba94-5e6b-af2b-df4a83374646""]"
d64f8e18-c6df-5fbf-a446-53a058e8cbc6,RAG-M03-N03,true_false,2,向量检索出现后关键词检索已经过时。,"[{""option_id"": ""T"", ""option_text"": ""正确""}, {""option_id"": ""F"", ""option_text"": ""错误""}]",,二者擅长的查询类型不同，生产系统常用混合检索。,"[""6cf90763-ba94-5e6b-af2b-df4a83374646"", ""d95931d9-b4cc-59ae-883d-8742ad35e137""]"
42e02728-0041-5700-901d-dcca9d454a4c,RAG-M03-N03,short_answer,3,请用不超过200字说明BM25、关键词检索与精确术语召回的核心目标、一个适用边界和一个质量验证方法。,[],,答案必须同时包含目标、边界和可验证方法，不能只复述名词。,"[""6cf90763-ba94-5e6b-af2b-df4a83374646"", ""d95931d9-b4cc-59ae-883d-8742ad35e137"", ""6eae105b-244f-5e5f-8fdd-4ef9df1231dd""]"
07a5aa99-659b-5615-9107-dd6e2e0dc41e,RAG-M03-N03,short_answer,3,在企业RAG项目中需要应用“BM25、关键词检索与精确术语召回”。请给出实施步骤、失败风险和验收证据。,[],,按照知识点目标和边界给出可落地方案。,"[""6cf90763-ba94-5e6b-af2b-df4a83374646"", ""d95931d9-b4cc-59ae-883d-8742ad35e137"", ""6eae105b-244f-5e5f-8fdd-4ef9df1231dd"", ""518d537b-59a6-5d48-8df2-0b35bb37c0b8""]"
6f4d0398-017c-598e-b2dd-399a9f5f7cd3,RAG-M03-N04,single_choice,3,关于“混合检索、分数融合与RRF”，以下哪项表述最准确？,"[{""option_id"": ""A"", ""option_text"": ""混合检索就是把两种分数直接相加。""}, {""option_id"": ""B"", ""option_text"": ""稠密检索可以召回同义表达，稀疏检索擅长精确术语。先分别召回候选，再融合和重排，通常比只依赖单一路径更稳健。""}, {""option_id"": ""C"", ""option_text"": ""混合检索、分数融合与RRF不需要任何评测或版本记录。""}, {""option_id"": ""D"", ""option_text"": ""混合检索、分数融合与RRF只适用于演示环境，无法用于工程系统。""}]",,稠密检索可以召回同义表达，稀疏检索擅长精确术语。先分别召回候选，再融合和重排，通常比只依赖单一路径更稳健。,"[""7d448bf9-e164-5a44-81cd-86a76d56dcfa""]"
7bf91f88-964a-5bef-92cc-d64916df427a,RAG-M03-N04,true_false,3,混合检索就是把两种分数直接相加。,"[{""option_id"": ""T"", ""option_text"": ""正确""}, {""option_id"": ""F"", ""option_text"": ""错误""}]",,需要处理分数尺度、权重、排名融合、过滤和去重。,"[""7d448bf9-e164-5a44-81cd-86a76d56dcfa"", ""3a1befcf-aede-53f8-9b53-b51f618c12b4""]"
19232db4-b957-5e62-a9af-b554d7f03fe7,RAG-M03-N04,short_answer,4,请用不超过200字说明混合检索、分数融合与RRF的核心目标、一个适用边界和一个质量验证方法。,[],,答案必须同时包含目标、边界和可验证方法，不能只复述名词。,"[""7d448bf9-e164-5a44-81cd-86a76d56dcfa"", ""3a1befcf-aede-53f8-9b53-b51f618c12b4"", ""0c530834-1e07-54de-8e39-8511bc1658c0""]"
be7c37e1-b087-56e6-a14d-942167405b3e,RAG-M03-N04,short_answer,4,在企业RAG项目中需要应用“混合检索、分数融合与RRF”。请给出实施步骤、失败风险和验收证据。,[],,按照知识点目标和边界给出可落地方案。,"[""7d448bf9-e164-5a44-81cd-86a76d56dcfa"", ""3a1befcf-aede-53f8-9b53-b51f618c12b4"", ""0c530834-1e07-54de-8e39-8511bc1658c0"", ""716788a5-719d-5bd2-b841-55fc952f6160""]"
2304111c-2732-5d2b-b236-ee9fcf2fb7b7,RAG-M04-N01,single_choice,2,关于“查询理解、意图识别与查询改写”，以下哪项表述最准确？,"[{""option_id"": ""A"", ""option_text"": ""把问题改得越长越容易检索。""}, {""option_id"": ""B"", ""option_text"": ""单点定义可直接混合检索；比较题需要同时召回多个对象；步骤题需要层级上下文；故障排查可能需要多轮证据；高风险或越权问题应直接进入拒答或人工路径。""}, {""option_id"": ""C"", ""option_text"": ""查询理解、意图识别与查询改写不需要任何评测或版本记录。""}, {""option_id"": ""D"", ""option_text"": ""查询理解、意图识别与查询改写只适用于演示环境，无法用于工程系统。""}]",,单点定义可直接混合检索；比较题需要同时召回多个对象；步骤题需要层级上下文；故障排查可能需要多轮证据；高风险或越权问题应直接进入拒答或人工路径。,"[""2216241f-58cb-509e-abb0-41c1c55bdf1f""]"
8bfc6fbd-fc2c-5283-a7ff-dd0368fe0b7c,RAG-M04-N01,true_false,2,把问题改得越长越容易检索。,"[{""option_id"": ""T"", ""option_text"": ""正确""}, {""option_id"": ""F"", ""option_text"": ""错误""}]",,冗余扩展会稀释关键术语，改写应服务于明确检索目标。,"[""2216241f-58cb-509e-abb0-41c1c55bdf1f"", ""65b31f9f-9013-512f-bbda-cc2200a4f140""]"
96d1e7ad-23ab-5ec6-9268-735c5b3643a5,RAG-M04-N01,short_answer,3,请用不超过200字说明查询理解、意图识别与查询改写的核心目标、一个适用边界和一个质量验证方法。,[],,答案必须同时包含目标、边界和可验证方法，不能只复述名词。,"[""2216241f-58cb-509e-abb0-41c1c55bdf1f"", ""65b31f9f-9013-512f-bbda-cc2200a4f140"", ""9856893b-3706-5d35-9fd0-b1563a39dcba""]"
23fb1dd8-2889-5c25-b979-dbbf6360de54,RAG-M04-N01,short_answer,3,在企业RAG项目中需要应用“查询理解、意图识别与查询改写”。请给出实施步骤、失败风险和验收证据。,[],,按照知识点目标和边界给出可落地方案。,"[""2216241f-58cb-509e-abb0-41c1c55bdf1f"", ""65b31f9f-9013-512f-bbda-cc2200a4f140"", ""9856893b-3706-5d35-9fd0-b1563a39dcba"", ""bb2ff342-0006-574c-8c09-7a5c49b1524f""]"
7d81ce6e-8939-5616-aba5-26aa306be6c5,RAG-M04-N02,single_choice,3,关于“元数据过滤、租户隔离与权限检索”，以下哪项表述最准确？,"[{""option_id"": ""A"", ""option_text"": ""在Prompt里写“不要泄露敏感信息”就足够。""}, {""option_id"": ""B"", ""option_text"": ""请求进入检索器前由可信后端解析用户身份和权限，形成不可由模型修改的过滤条件。Agent只能补充查询意图，不能扩大允许访问的租户、文档或安全级别。""}, {""option_id"": ""C"", ""option_text"": ""元数据过滤、租户隔离与权限检索不需要任何评测或版本记录。""}, {""option_id"": ""D"", ""option_text"": ""元数据过滤、租户隔离与权限检索只适用于演示环境，无法用于工程系统。""}]",,请求进入检索器前由可信后端解析用户身份和权限，形成不可由模型修改的过滤条件。Agent只能补充查询意图，不能扩大允许访问的租户、文档或安全级别。,"[""060b18e5-ed29-50d7-9cf1-d2cb7ae22fed""]"
3911b957-8047-590c-b2ef-68f1506da2bf,RAG-M04-N02,true_false,3,在Prompt里写“不要泄露敏感信息”就足够。,"[{""option_id"": ""T"", ""option_text"": ""正确""}, {""option_id"": ""F"", ""option_text"": ""错误""}]",,模型不是授权边界，敏感证据必须在检索前被技术过滤。,"[""060b18e5-ed29-50d7-9cf1-d2cb7ae22fed"", ""190248c5-ff2b-5d24-8f12-8dca4b602d96""]"
37fa19f9-70a3-54ea-b108-f28c5c40fa2a,RAG-M04-N02,short_answer,4,请用不超过200字说明元数据过滤、租户隔离与权限检索的核心目标、一个适用边界和一个质量验证方法。,[],,答案必须同时包含目标、边界和可验证方法，不能只复述名词。,"[""060b18e5-ed29-50d7-9cf1-d2cb7ae22fed"", ""190248c5-ff2b-5d24-8f12-8dca4b602d96"", ""772c18e9-a423-5492-80df-214c3e326a87""]"
cbf269be-52f0-5a86-bd82-9f125cbf225c,RAG-M04-N02,short_answer,4,在企业RAG项目中需要应用“元数据过滤、租户隔离与权限检索”。请给出实施步骤、失败风险和验收证据。,[],,按照知识点目标和边界给出可落地方案。,"[""060b18e5-ed29-50d7-9cf1-d2cb7ae22fed"", ""190248c5-ff2b-5d24-8f12-8dca4b602d96"", ""772c18e9-a423-5492-80df-214c3e326a87"", ""4e5f6c43-7704-5ab0-be5b-c059a68e3b4b""]"
55ca6c77-b6b1-56ec-b26a-6036a3d10e32,RAG-M04-N03,single_choice,3,关于“候选重排、交叉编码器与多阶段检索”，以下哪项表述最准确？,"[{""option_id"": ""A"", ""option_text"": ""重排器可以修复第一阶段漏检。""}, {""option_id"": ""B"", ""option_text"": ""召回器在大规模语料中快速获取较大的候选池，重排器对有限候选做更昂贵的相关性判断。设计时分别设置candidate_k、rerank_k和最终context_k。""}, {""option_id"": ""C"", ""option_text"": ""候选重排、交叉编码器与多阶段检索不需要任何评测或版本记录。""}, {""option_id"": ""D"", ""option_text"": ""候选重排、交叉编码器与多阶段检索只适用于演示环境，无法用于工程系统。""}]",,召回器在大规模语料中快速获取较大的候选池，重排器对有限候选做更昂贵的相关性判断。设计时分别设置candidate_k、rerank_k和最终context_k。,"[""cea9d066-c4b0-5d51-826e-5bf6970b3b7b""]"
ac80ecd0-15c9-5fec-b7e2-d476e9590c9e,RAG-M04-N03,true_false,3,重排器可以修复第一阶段漏检。,"[{""option_id"": ""T"", ""option_text"": ""正确""}, {""option_id"": ""F"", ""option_text"": ""错误""}]",,重排只能重新排序已有候选，正确证据未召回时无法补回。,"[""cea9d066-c4b0-5d51-826e-5bf6970b3b7b"", ""825fd4ce-5fd5-5a03-b094-ae387480ea2d""]"
6b0bff72-1dbc-5dd2-84b0-c6165c777a79,RAG-M04-N03,short_answer,4,请用不超过200字说明候选重排、交叉编码器与多阶段检索的核心目标、一个适用边界和一个质量验证方法。,[],,答案必须同时包含目标、边界和可验证方法，不能只复述名词。,"[""cea9d066-c4b0-5d51-826e-5bf6970b3b7b"", ""825fd4ce-5fd5-5a03-b094-ae387480ea2d"", ""f485d3df-f7e5-552d-b6f5-f7cb733477a0""]"
542074ac-6c20-5b5d-a99a-d335a086ef6b,RAG-M04-N03,short_answer,4,在企业RAG项目中需要应用“候选重排、交叉编码器与多阶段检索”。请给出实施步骤、失败风险和验收证据。,[],,按照知识点目标和边界给出可落地方案。,"[""cea9d066-c4b0-5d51-826e-5bf6970b3b7b"", ""825fd4ce-5fd5-5a03-b094-ae387480ea2d"", ""f485d3df-f7e5-552d-b6f5-f7cb733477a0"", ""77e2ed0e-4e52-5024-90b5-73020341f9ce""]"
1d4c7ecd-db46-531f-b325-1573a0c8aee6,RAG-M04-N04,single_choice,4,关于“上下文选择、压缩、排序与引用封装”，以下哪项表述最准确？,"[{""option_id"": ""A"", ""option_text"": ""把检索到的50段全部放进上下文最安全。""}, {""option_id"": ""B"", ""option_text"": ""上下文预算需为系统指令、用户问题、证据和输出预留空间。证据选择应综合相关性、权威性、时效性、覆盖度和重复度，而不是简单截取top-k。""}, {""option_id"": ""C"", ""option_text"": ""上下文选择、压缩、排序与引用封装不需要任何评测或版本记录。""}, {""option_id"": ""D"", ""option_text"": ""上下文选择、压缩、排序与引用封装只适用于演示环境，无法用于工程系统。""}]",,上下文预算需为系统指令、用户问题、证据和输出预留空间。证据选择应综合相关性、权威性、时效性、覆盖度和重复度，而不是简单截取top-k。,"[""24c5e9d9-1f5f-5cb1-afb7-793c9235f9c3""]"
df27b8ca-e758-5fdc-b228-29138fc2b2ca,RAG-M04-N04,true_false,4,把检索到的50段全部放进上下文最安全。,"[{""option_id"": ""T"", ""option_text"": ""正确""}, {""option_id"": ""F"", ""option_text"": ""错误""}]",,过多噪声会增加成本并可能降低模型对关键证据的利用。,"[""24c5e9d9-1f5f-5cb1-afb7-793c9235f9c3"", ""d6441eb5-e28a-5b0b-9cd7-f1b5b94fb8a9""]"
843bf3e9-7ccc-58b4-87e7-e6d89aec9d86,RAG-M04-N04,short_answer,5,请用不超过200字说明上下文选择、压缩、排序与引用封装的核心目标、一个适用边界和一个质量验证方法。,[],,答案必须同时包含目标、边界和可验证方法，不能只复述名词。,"[""24c5e9d9-1f5f-5cb1-afb7-793c9235f9c3"", ""d6441eb5-e28a-5b0b-9cd7-f1b5b94fb8a9"", ""382852a1-407f-5cb3-910f-79f9e64b28fc""]"
06087d4d-8e68-5cb8-91a9-b197402f9f87,RAG-M04-N04,short_answer,5,在企业RAG项目中需要应用“上下文选择、压缩、排序与引用封装”。请给出实施步骤、失败风险和验收证据。,[],,按照知识点目标和边界给出可落地方案。,"[""24c5e9d9-1f5f-5cb1-afb7-793c9235f9c3"", ""d6441eb5-e28a-5b0b-9cd7-f1b5b94fb8a9"", ""382852a1-407f-5cb3-910f-79f9e64b28fc"", ""b7d7f4c7-aef7-535b-a226-a6cfbb0300ef""]"
b5c713de-e2ea-5fa7-9804-05da33d43e42,RAG-M05-N01,single_choice,2,关于“证据约束生成、引用与答案结构”，以下哪项表述最准确？,"[{""option_id"": ""A"", ""option_text"": ""提示词写“不要幻觉”就能保证可信。""}, {""option_id"": ""B"", ""option_text"": ""生成器输入应包含目标学习者、知识节点、难度、资源形态、证据包和禁止项；输出应使用固定Schema，分别承载正文、关键点、代码、引用、置信度和缺失证据。""}, {""option_id"": ""C"", ""option_text"": ""证据约束生成、引用与答案结构不需要任何评测或版本记录。""}, {""option_id"": ""D"", ""option_text"": ""证据约束生成、引用与答案结构只适用于演示环境，无法用于工程系统。""}]",,生成器输入应包含目标学习者、知识节点、难度、资源形态、证据包和禁止项；输出应使用固定Schema，分别承载正文、关键点、代码、引用、置信度和缺失证据。,"[""5a8c0f89-8b27-5101-ae21-3040ab75bbc2""]"
702a6a80-ad08-5b35-809b-5cf5423b592d,RAG-M05-N01,true_false,2,提示词写“不要幻觉”就能保证可信。,"[{""option_id"": ""T"", ""option_text"": ""正确""}, {""option_id"": ""F"", ""option_text"": ""错误""}]",,还需要证据包、结构化输出、引用验证、拒答和审核。,"[""5a8c0f89-8b27-5101-ae21-3040ab75bbc2"", ""09f16411-041b-5ae5-bb68-b3f3c8583d6c""]"
96a9770a-98f9-53e6-b5af-6d610cc8f12c,RAG-M05-N01,short_answer,3,请用不超过200字说明证据约束生成、引用与答案结构的核心目标、一个适用边界和一个质量验证方法。,[],,答案必须同时包含目标、边界和可验证方法，不能只复述名词。,"[""5a8c0f89-8b27-5101-ae21-3040ab75bbc2"", ""09f16411-041b-5ae5-bb68-b3f3c8583d6c"", ""621966e1-03ad-5c30-bf27-683c4ace0ac7""]"
1adc725b-ee56-54b9-bf80-7e38051af247,RAG-M05-N01,short_answer,3,在企业RAG项目中需要应用“证据约束生成、引用与答案结构”。请给出实施步骤、失败风险和验收证据。,[],,按照知识点目标和边界给出可落地方案。,"[""5a8c0f89-8b27-5101-ae21-3040ab75bbc2"", ""09f16411-041b-5ae5-bb68-b3f3c8583d6c"", ""621966e1-03ad-5c30-bf27-683c4ace0ac7"", ""9740184c-c0fc-50fe-9086-8aee85a60791""]"
8ca8ccc0-0491-5d61-b2e1-6394a9a6ba86,RAG-M05-N02,single_choice,2,关于“证据不足、拒答、追问与人工转交”，以下哪项表述最准确？,"[{""option_id"": ""A"", ""option_text"": ""拒答越多越安全。""}, {""option_id"": ""B"", ""option_text"": ""证据是否充分不仅看相似度，还要看是否覆盖问题中的关键实体、时间、条件和结论，来源是否可信，是否存在相互冲突，以及答案是否需要知识库外推断。""}, {""option_id"": ""C"", ""option_text"": ""证据不足、拒答、追问与人工转交不需要任何评测或版本记录。""}, {""option_id"": ""D"", ""option_text"": ""证据不足、拒答、追问与人工转交只适用于演示环境，无法用于工程系统。""}]",,证据是否充分不仅看相似度，还要看是否覆盖问题中的关键实体、时间、条件和结论，来源是否可信，是否存在相互冲突，以及答案是否需要知识库外推断。,"[""af19c081-bf31-5030-801c-104069fdfa03""]"
bed426fe-71c4-5bb8-9a10-ae5e7c93713c,RAG-M05-N02,true_false,2,拒答越多越安全。,"[{""option_id"": ""T"", ""option_text"": ""正确""}, {""option_id"": ""F"", ""option_text"": ""错误""}]",,过度拒答会降低任务完成率，应通过阈值和问题类型评测平衡。,"[""af19c081-bf31-5030-801c-104069fdfa03"", ""c56bbccd-b251-5073-b1ff-750e44f7463d""]"
209496ca-7ee1-5923-95bf-de0f320f3128,RAG-M05-N02,short_answer,3,请用不超过200字说明证据不足、拒答、追问与人工转交的核心目标、一个适用边界和一个质量验证方法。,[],,答案必须同时包含目标、边界和可验证方法，不能只复述名词。,"[""af19c081-bf31-5030-801c-104069fdfa03"", ""c56bbccd-b251-5073-b1ff-750e44f7463d"", ""29ed0fa1-79e7-50dc-8ee3-6758da64fb0f""]"
95887f9f-84ef-50f7-ac91-7e0353d47746,RAG-M05-N02,short_answer,3,在企业RAG项目中需要应用“证据不足、拒答、追问与人工转交”。请给出实施步骤、失败风险和验收证据。,[],,按照知识点目标和边界给出可落地方案。,"[""af19c081-bf31-5030-801c-104069fdfa03"", ""c56bbccd-b251-5073-b1ff-750e44f7463d"", ""29ed0fa1-79e7-50dc-8ee3-6758da64fb0f"", ""a765ce4c-c074-57e5-bfab-cceb6b9ca895""]"
2515eb3c-cf0b-57d5-99ed-c480d6da143a,RAG-M05-N03,single_choice,3,关于“幻觉分类、事实审核与交叉验证”，以下哪项表述最准确？,"[{""option_id"": ""A"", ""option_text"": ""让同一个模型再读一遍就叫交叉验证。""}, {""option_id"": ""B"", ""option_text"": ""常见类型包括：证据中不存在的事实、与证据相反的陈述、把局部条件泛化、引用与陈述无关、数字单位错误、代码与解释不一致，以及把不确定推断写成确定结论。""}, {""option_id"": ""C"", ""option_text"": ""幻觉分类、事实审核与交叉验证不需要任何评测或版本记录。""}, {""option_id"": ""D"", ""option_text"": ""幻觉分类、事实审核与交叉验证只适用于演示环境，无法用于工程系统。""}]",,常见类型包括：证据中不存在的事实、与证据相反的陈述、把局部条件泛化、引用与陈述无关、数字单位错误、代码与解释不一致，以及把不确定推断写成确定结论。,"[""d2eaf759-6ded-5884-918f-e0e4e66766ba""]"
c098dc61-2565-578c-a060-932b859948fc,RAG-M05-N03,true_false,3,让同一个模型再读一遍就叫交叉验证。,"[{""option_id"": ""T"", ""option_text"": ""正确""}, {""option_id"": ""F"", ""option_text"": ""错误""}]",,有效交叉验证需要独立输入、检查标准和可比较输出。,"[""d2eaf759-6ded-5884-918f-e0e4e66766ba"", ""370b0b20-3e5b-5db5-bf19-622c6c4717e1""]"
5f4ccc73-d23a-5e4e-859b-ae2e09c6ffab,RAG-M05-N03,short_answer,4,请用不超过200字说明幻觉分类、事实审核与交叉验证的核心目标、一个适用边界和一个质量验证方法。,[],,答案必须同时包含目标、边界和可验证方法，不能只复述名词。,"[""d2eaf759-6ded-5884-918f-e0e4e66766ba"", ""370b0b20-3e5b-5db5-bf19-622c6c4717e1"", ""16963fcf-b840-5d52-a6aa-faa7ce33f419""]"
0ddcd914-c349-514b-9016-f361056e173a,RAG-M05-N03,short_answer,4,在企业RAG项目中需要应用“幻觉分类、事实审核与交叉验证”。请给出实施步骤、失败风险和验收证据。,[],,按照知识点目标和边界给出可落地方案。,"[""d2eaf759-6ded-5884-918f-e0e4e66766ba"", ""370b0b20-3e5b-5db5-bf19-622c6c4717e1"", ""16963fcf-b840-5d52-a6aa-faa7ce33f419"", ""ce4b5efc-3fd0-513c-a7bc-8c51b0a5f37b""]"
84c81423-7047-527f-a7da-43c6ac4c98e4,RAG-M05-N04,single_choice,4,关于“提示注入、不可信文档与知识库安全”，以下哪项表述最准确？,"[{""option_id"": ""A"", ""option_text"": ""只有用户输入会提示注入。""}, {""option_id"": ""B"", ""option_text"": ""直接注入来自用户要求忽略规则；间接注入隐藏在网页、PDF、邮件或代码注释中，待文档被检索后影响模型。知识库接入和运行时都必须检测。""}, {""option_id"": ""C"", ""option_text"": ""提示注入、不可信文档与知识库安全不需要任何评测或版本记录。""}, {""option_id"": ""D"", ""option_text"": ""提示注入、不可信文档与知识库安全只适用于演示环境，无法用于工程系统。""}]",,直接注入来自用户要求忽略规则；间接注入隐藏在网页、PDF、邮件或代码注释中，待文档被检索后影响模型。知识库接入和运行时都必须检测。,"[""b04e4952-9eb2-502e-9cfe-41d8bd62bc49""]"
3ca33772-1233-56a2-990f-de37583d1b95,RAG-M05-N04,true_false,4,只有用户输入会提示注入。,"[{""option_id"": ""T"", ""option_text"": ""正确""}, {""option_id"": ""F"", ""option_text"": ""错误""}]",,被检索的外部文档同样可能包含间接注入。,"[""b04e4952-9eb2-502e-9cfe-41d8bd62bc49"", ""82baf3c7-5e46-5051-9dc0-ca20b8b92ff6""]"
2444176a-3115-591c-b404-3c351fb8161d,RAG-M05-N04,short_answer,5,请用不超过200字说明提示注入、不可信文档与知识库安全的核心目标、一个适用边界和一个质量验证方法。,[],,答案必须同时包含目标、边界和可验证方法，不能只复述名词。,"[""b04e4952-9eb2-502e-9cfe-41d8bd62bc49"", ""82baf3c7-5e46-5051-9dc0-ca20b8b92ff6"", ""36517c9a-c0cd-5c02-a8ba-8efdaf33764a""]"
bea51dc7-faee-5681-8d46-83e48a1d783f,RAG-M05-N04,short_answer,5,在企业RAG项目中需要应用“提示注入、不可信文档与知识库安全”。请给出实施步骤、失败风险和验收证据。,[],,按照知识点目标和边界给出可落地方案。,"[""b04e4952-9eb2-502e-9cfe-41d8bd62bc49"", ""82baf3c7-5e46-5051-9dc0-ca20b8b92ff6"", ""36517c9a-c0cd-5c02-a8ba-8efdaf33764a"", ""56475a80-f5aa-571b-96a9-5cf4a4a59630""]"
fbff1d94-73a6-5d70-918e-a07c9938b95c,RAG-M06-N01,single_choice,2,关于“检索评测：Hit Rate、Recall、MRR与nDCG”，以下哪项表述最准确？,"[{""option_id"": ""A"", ""option_text"": ""Hit@5高就说明上下文一定优质。""}, {""option_id"": ""B"", ""option_text"": ""每个案例至少包含query、预期知识节点或证据、查询类型、权限上下文和可选的多级相关性标签。测试集要与开发样例隔离，并记录标注依据。""}, {""option_id"": ""C"", ""option_text"": ""检索评测：Hit Rate、Recall、MRR与nDCG不需要任何评测或版本记录。""}, {""option_id"": ""D"", ""option_text"": ""检索评测：Hit Rate、Recall、MRR与nDCG只适用于演示环境，无法用于工程系统。""}]",,每个案例至少包含query、预期知识节点或证据、查询类型、权限上下文和可选的多级相关性标签。测试集要与开发样例隔离，并记录标注依据。,"[""adffd192-5ddc-5a39-b49e-54daa48cbee2""]"
ad847984-8fee-5b43-97dd-73175d79b155,RAG-M06-N01,true_false,2,Hit@5高就说明上下文一定优质。,"[{""option_id"": ""T"", ""option_text"": ""正确""}, {""option_id"": ""F"", ""option_text"": ""错误""}]",,还要看其他相关证据、重复噪声、排序和上下文精度。,"[""adffd192-5ddc-5a39-b49e-54daa48cbee2"", ""b5f3a63c-bf7f-5ec5-bc9a-017bdbad9ed8""]"
706639b8-80c6-5b3c-93bf-a048b5b118cc,RAG-M06-N01,short_answer,3,请用不超过200字说明检索评测：Hit Rate、Recall、MRR与nDCG的核心目标、一个适用边界和一个质量验证方法。,[],,答案必须同时包含目标、边界和可验证方法，不能只复述名词。,"[""adffd192-5ddc-5a39-b49e-54daa48cbee2"", ""b5f3a63c-bf7f-5ec5-bc9a-017bdbad9ed8"", ""c3f82abd-e2ee-5035-9af9-47b1efad9b83""]"
796d1156-4639-57b3-9c58-6d8600a21880,RAG-M06-N01,short_answer,3,在企业RAG项目中需要应用“检索评测：Hit Rate、Recall、MRR与nDCG”。请给出实施步骤、失败风险和验收证据。,[],,按照知识点目标和边界给出可落地方案。,"[""adffd192-5ddc-5a39-b49e-54daa48cbee2"", ""b5f3a63c-bf7f-5ec5-bc9a-017bdbad9ed8"", ""c3f82abd-e2ee-5035-9af9-47b1efad9b83"", ""4664f323-58f4-55a0-8727-58b743ad4ea0""]"
fdbecb0b-fe0b-5354-8c28-9a2e4781f78f,RAG-M06-N02,single_choice,3,关于“生成评测：忠实度、引用、完整性与适配”，以下哪项表述最准确？,"[{""option_id"": ""A"", ""option_text"": ""答案事实正确就代表适合学习者。""}, {""option_id"": ""B"", ""option_text"": ""把输出拆为原子专业陈述，逐项判断是否得到提供证据支持。忠实度关注“是否依据上下文”，不等同于世界知识上的绝对正确。""}, {""option_id"": ""C"", ""option_text"": ""生成评测：忠实度、引用、完整性与适配不需要任何评测或版本记录。""}, {""option_id"": ""D"", ""option_text"": ""生成评测：忠实度、引用、完整性与适配只适用于演示环境，无法用于工程系统。""}]",,把输出拆为原子专业陈述，逐项判断是否得到提供证据支持。忠实度关注“是否依据上下文”，不等同于世界知识上的绝对正确。,"[""03235f85-f938-56aa-b0ff-4bc1532ba277""]"
b2eed670-3187-5538-8a67-897009f35cfa,RAG-M06-N02,true_false,3,答案事实正确就代表适合学习者。,"[{""option_id"": ""T"", ""option_text"": ""正确""}, {""option_id"": ""F"", ""option_text"": ""错误""}]",,资源还需要匹配目标、前置知识、表达形式和任务难度。,"[""03235f85-f938-56aa-b0ff-4bc1532ba277"", ""1d95d51a-ea33-537f-b172-a64a41a50afe""]"
a3b2930f-b9de-5202-b6fd-cc72adc2768c,RAG-M06-N02,short_answer,4,请用不超过200字说明生成评测：忠实度、引用、完整性与适配的核心目标、一个适用边界和一个质量验证方法。,[],,答案必须同时包含目标、边界和可验证方法，不能只复述名词。,"[""03235f85-f938-56aa-b0ff-4bc1532ba277"", ""1d95d51a-ea33-537f-b172-a64a41a50afe"", ""5df563d9-8637-503b-8c51-890b1420fda8""]"
d8343fd4-1850-5d58-b8ab-0f2912ccda27,RAG-M06-N02,short_answer,4,在企业RAG项目中需要应用“生成评测：忠实度、引用、完整性与适配”。请给出实施步骤、失败风险和验收证据。,[],,按照知识点目标和边界给出可落地方案。,"[""03235f85-f938-56aa-b0ff-4bc1532ba277"", ""1d95d51a-ea33-537f-b172-a64a41a50afe"", ""5df563d9-8637-503b-8c51-890b1420fda8"", ""6424993c-4943-51fa-963a-7e9abafc2354""]"
ca1ffdcf-555a-5034-9153-0a80781b8695,RAG-M06-N03,single_choice,3,关于“端到端回归、消融实验与发布门禁”，以下哪项表述最准确？,"[{""option_id"": ""A"", ""option_text"": ""新版本总体平均分更高就可以发布。""}, {""option_id"": ""B"", ""option_text"": ""回归对象包括知识覆盖、ID与引用完整性、检索指标、生成忠实度、拒答、安全、时延、成本和关键用户流程。结果绑定知识库、模型、Prompt和代码版本。""}, {""option_id"": ""C"", ""option_text"": ""端到端回归、消融实验与发布门禁不需要任何评测或版本记录。""}, {""option_id"": ""D"", ""option_text"": ""端到端回归、消融实验与发布门禁只适用于演示环境，无法用于工程系统。""}]",,回归对象包括知识覆盖、ID与引用完整性、检索指标、生成忠实度、拒答、安全、时延、成本和关键用户流程。结果绑定知识库、模型、Prompt和代码版本。,"[""e8b6e6b1-8456-52aa-ab72-cb0f6a40cf88""]"
b45712ce-956c-529e-b627-b689a7cec1b8,RAG-M06-N03,true_false,3,新版本总体平均分更高就可以发布。,"[{""option_id"": ""T"", ""option_text"": ""正确""}, {""option_id"": ""F"", ""option_text"": ""错误""}]",,关键类别、安全和阻断项的退化不能被平均值掩盖。,"[""e8b6e6b1-8456-52aa-ab72-cb0f6a40cf88"", ""50735323-f303-5a3e-8a00-d9daade93e7f""]"
7ab6bc32-f780-554e-8607-68d8de82c25d,RAG-M06-N03,short_answer,4,请用不超过200字说明端到端回归、消融实验与发布门禁的核心目标、一个适用边界和一个质量验证方法。,[],,答案必须同时包含目标、边界和可验证方法，不能只复述名词。,"[""e8b6e6b1-8456-52aa-ab72-cb0f6a40cf88"", ""50735323-f303-5a3e-8a00-d9daade93e7f"", ""4e94d552-1552-5c99-9560-33aff792912d""]"
91ae2b40-0312-5fbd-92b8-9d507cec3321,RAG-M06-N03,short_answer,4,在企业RAG项目中需要应用“端到端回归、消融实验与发布门禁”。请给出实施步骤、失败风险和验收证据。,[],,按照知识点目标和边界给出可落地方案。,"[""e8b6e6b1-8456-52aa-ab72-cb0f6a40cf88"", ""50735323-f303-5a3e-8a00-d9daade93e7f"", ""4e94d552-1552-5c99-9560-33aff792912d"", ""025bbb14-294e-56d7-8d1d-26b3906bec88""]"
7bb26836-ae9a-5a10-9343-34ec615e2195,RAG-M06-N04,single_choice,4,关于“可观测性、成本、时延与故障定位”，以下哪项表述最准确？,"[{""option_id"": ""A"", ""option_text"": ""只记录最终答案和报错就够。""}, {""option_id"": ""B"", ""option_text"": ""每次用户请求至少贯穿correlation_id、session_id、decision_cycle_id、agent_run_id、retrieval_request_id和knowledge_base_version_id。事件需要sequence和causation_id以恢复真实顺序。""}, {""option_id"": ""C"", ""option_text"": ""可观测性、成本、时延与故障定位不需要任何评测或版本记录。""}, {""option_id"": ""D"", ""option_text"": ""可观测性、成本、时延与故障定位只适用于演示环境，无法用于工程系统。""}]",,每次用户请求至少贯穿correlation_id、session_id、decision_cycle_id、agent_run_id、retrieval_request_id和knowledge_base_version_id。事件需要sequence和causation_id以恢复真实顺序。,"[""f7a56088-095a-51e7-85ad-8b2fe9133c6f""]"
25fdfb9f-4961-5f3d-bf53-d9a3045a1022,RAG-M06-N04,true_false,4,只记录最终答案和报错就够。,"[{""option_id"": ""T"", ""option_text"": ""正确""}, {""option_id"": ""F"", ""option_text"": ""错误""}]",,需要中间检索、路由、模型、审核和状态事件才能归因。,"[""f7a56088-095a-51e7-85ad-8b2fe9133c6f"", ""620c5f33-f3ff-5aea-8bed-876495e857a4""]"
02f04ee2-8206-54ca-b17b-84989dccf42b,RAG-M06-N04,short_answer,5,请用不超过200字说明可观测性、成本、时延与故障定位的核心目标、一个适用边界和一个质量验证方法。,[],,答案必须同时包含目标、边界和可验证方法，不能只复述名词。,"[""f7a56088-095a-51e7-85ad-8b2fe9133c6f"", ""620c5f33-f3ff-5aea-8bed-876495e857a4"", ""b3f5a569-1ddd-5d60-9ab1-62aa03ffc24b""]"
a2a21fef-f0e4-53cc-afe2-3f96caa0c916,RAG-M06-N04,short_answer,5,在企业RAG项目中需要应用“可观测性、成本、时延与故障定位”。请给出实施步骤、失败风险和验收证据。,[],,按照知识点目标和边界给出可落地方案。,"[""f7a56088-095a-51e7-85ad-8b2fe9133c6f"", ""620c5f33-f3ff-5aea-8bed-876495e857a4"", ""b3f5a569-1ddd-5d60-9ab1-62aa03ffc24b"", ""9f9cf91f-b805-56c0-ae09-037cfe9a2ece""]"
1385ed20-8453-527d-91b2-1a90604fc358,RAG-M07-N01,single_choice,3,关于“父子检索、层级检索与长文档问答”，以下哪项表述最准确？,"[{""option_id"": ""A"", ""option_text"": ""父子检索只是把chunk size设置成两个值。""}, {""option_id"": ""B"", ""option_text"": ""同一文档可以递归拆成章节、段落和句群等多层节点。节点列表虽然可平面存储，但必须保留PARENT、CHILD、PREVIOUS和NEXT关系。""}, {""option_id"": ""C"", ""option_text"": ""父子检索、层级检索与长文档问答不需要任何评测或版本记录。""}, {""option_id"": ""D"", ""option_text"": ""父子检索、层级检索与长文档问答只适用于演示环境，无法用于工程系统。""}]",,同一文档可以递归拆成章节、段落和句群等多层节点。节点列表虽然可平面存储，但必须保留PARENT、CHILD、PREVIOUS和NEXT关系。,"[""8a6d4207-0b73-570f-88a9-0a286da9db8d""]"
4b5e3323-0bb5-5bd2-bc61-bf60aa5de202,RAG-M07-N01,true_false,3,父子检索只是把chunk size设置成两个值。,"[{""option_id"": ""T"", ""option_text"": ""正确""}, {""option_id"": ""F"", ""option_text"": ""错误""}]",,还需要持久化节点关系、回溯策略、合并去重和上下文预算。,"[""8a6d4207-0b73-570f-88a9-0a286da9db8d"", ""8662dadf-3f31-5802-8bf9-9a4024d1fda3""]"
6ad9096c-7257-5199-baba-9bc7057b66d2,RAG-M07-N01,short_answer,4,请用不超过200字说明父子检索、层级检索与长文档问答的核心目标、一个适用边界和一个质量验证方法。,[],,答案必须同时包含目标、边界和可验证方法，不能只复述名词。,"[""8a6d4207-0b73-570f-88a9-0a286da9db8d"", ""8662dadf-3f31-5802-8bf9-9a4024d1fda3"", ""5beb2f8c-4908-51ba-b2b5-8020e17bcf3c""]"
48839c86-e376-51e2-bd62-ee21ccb5c863,RAG-M07-N01,short_answer,4,在企业RAG项目中需要应用“父子检索、层级检索与长文档问答”。请给出实施步骤、失败风险和验收证据。,[],,按照知识点目标和边界给出可落地方案。,"[""8a6d4207-0b73-570f-88a9-0a286da9db8d"", ""8662dadf-3f31-5802-8bf9-9a4024d1fda3"", ""5beb2f8c-4908-51ba-b2b5-8020e17bcf3c"", ""38a85343-ee96-5bb6-a36d-102b65702aee""]"
b5a2fbb0-9565-5ef6-a7ee-8f6d5937512b,RAG-M07-N02,single_choice,4,关于“GraphRAG、实体关系与局部/全局查询”，以下哪项表述最准确？,"[{""option_id"": ""A"", ""option_text"": ""GraphRAG在所有问题上都比向量检索强。""}, {""option_id"": ""B"", ""option_text"": ""文本相似度难以直接回答“谁依赖谁”“某故障经过哪些环节传播”等关系问题。图结构显式保存实体和关系，可执行邻域、路径或社区级查询。""}, {""option_id"": ""C"", ""option_text"": ""GraphRAG、实体关系与局部/全局查询不需要任何评测或版本记录。""}, {""option_id"": ""D"", ""option_text"": ""GraphRAG、实体关系与局部/全局查询只适用于演示环境，无法用于工程系统。""}]",,文本相似度难以直接回答“谁依赖谁”“某故障经过哪些环节传播”等关系问题。图结构显式保存实体和关系，可执行邻域、路径或社区级查询。,"[""98506802-b517-54d1-830d-4593bd3abca6""]"
55c974e7-e5b2-56b6-877f-553b3fbb8fcc,RAG-M07-N02,true_false,4,GraphRAG在所有问题上都比向量检索强。,"[{""option_id"": ""T"", ""option_text"": ""正确""}, {""option_id"": ""F"", ""option_text"": ""错误""}]",,单点事实和普通语义问答通常不需要承担图构建与查询成本。,"[""98506802-b517-54d1-830d-4593bd3abca6"", ""52ab22c2-b150-504d-a10c-3c4d2f8bf0e5""]"
65903ff1-8eb7-5d13-9aee-3f6cc9afd9e8,RAG-M07-N02,short_answer,5,请用不超过200字说明GraphRAG、实体关系与局部/全局查询的核心目标、一个适用边界和一个质量验证方法。,[],,答案必须同时包含目标、边界和可验证方法，不能只复述名词。,"[""98506802-b517-54d1-830d-4593bd3abca6"", ""52ab22c2-b150-504d-a10c-3c4d2f8bf0e5"", ""2d40b0bf-895a-5c32-8073-ecf7ecf35403""]"
377f487d-a49a-5fdd-b6f1-7bf15fc5485f,RAG-M07-N02,short_answer,5,在企业RAG项目中需要应用“GraphRAG、实体关系与局部/全局查询”。请给出实施步骤、失败风险和验收证据。,[],,按照知识点目标和边界给出可落地方案。,"[""98506802-b517-54d1-830d-4593bd3abca6"", ""52ab22c2-b150-504d-a10c-3c4d2f8bf0e5"", ""2d40b0bf-895a-5c32-8073-ecf7ecf35403"", ""34ab589e-3895-5dda-af1f-7ba8ebf76721""]"
d7272419-3b60-5043-a11d-88bd948446bf,RAG-M07-N03,single_choice,4,关于“Agentic RAG、问题分解与检索自修复”，以下哪项表述最准确？,"[{""option_id"": ""A"", ""option_text"": ""Agentic RAG就是让模型自由决定所有步骤。""}, {""option_id"": ""B"", ""option_text"": ""Agent先识别子问题和证据类型，再从混合检索、层级检索、图查询、结构化查询或代码检索中选择工具。工具目录和权限由系统固定，不能由模型自行创造。""}, {""option_id"": ""C"", ""option_text"": ""Agentic RAG、问题分解与检索自修复不需要任何评测或版本记录。""}, {""option_id"": ""D"", ""option_text"": ""Agentic RAG、问题分解与检索自修复只适用于演示环境，无法用于工程系统。""}]",,Agent先识别子问题和证据类型，再从混合检索、层级检索、图查询、结构化查询或代码检索中选择工具。工具目录和权限由系统固定，不能由模型自行创造。,"[""48d5743b-bdaa-59ed-9b3c-6afd2a6a238d""]"
0a75505d-ab4a-535f-9138-b548ffcf685d,RAG-M07-N03,true_false,4,Agentic RAG就是让模型自由决定所有步骤。,"[{""option_id"": ""T"", ""option_text"": ""正确""}, {""option_id"": ""F"", ""option_text"": ""错误""}]",,生产系统需要工具白名单、状态机、预算、Schema和后端授权。,"[""48d5743b-bdaa-59ed-9b3c-6afd2a6a238d"", ""9122166e-62a5-5f90-aa9f-6b701a509ac9""]"
da49160a-9ada-5a98-a937-3216f5cb9e19,RAG-M07-N03,short_answer,5,请用不超过200字说明Agentic RAG、问题分解与检索自修复的核心目标、一个适用边界和一个质量验证方法。,[],,答案必须同时包含目标、边界和可验证方法，不能只复述名词。,"[""48d5743b-bdaa-59ed-9b3c-6afd2a6a238d"", ""9122166e-62a5-5f90-aa9f-6b701a509ac9"", ""a06b3a62-37a7-5230-9a9a-f0ca5d15f1e9""]"
d70a829f-db40-5c30-8831-145074e778f2,RAG-M07-N03,short_answer,5,在企业RAG项目中需要应用“Agentic RAG、问题分解与检索自修复”。请给出实施步骤、失败风险和验收证据。,[],,按照知识点目标和边界给出可落地方案。,"[""48d5743b-bdaa-59ed-9b3c-6afd2a6a238d"", ""9122166e-62a5-5f90-aa9f-6b701a509ac9"", ""a06b3a62-37a7-5230-9a9a-f0ca5d15f1e9"", ""6c831bf7-0966-5b49-bcb0-319c51feb9fa""]"
8032296b-1777-5115-b6d0-0c4940aee637,RAG-M07-N04,single_choice,5,关于“结构化、代码与多模态知识路由”，以下哪项表述最准确？,"[{""option_id"": ""A"", ""option_text"": ""把表格、代码和图片转成文本就完全等价。""}, {""option_id"": ""B"", ""option_text"": ""固定字段、规则清单、指标和关系表优先使用SQL或受控查询，避免模型从文本化表格猜测数值。查询结果需携带表、字段、时间和过滤条件。""}, {""option_id"": ""C"", ""option_text"": ""结构化、代码与多模态知识路由不需要任何评测或版本记录。""}, {""option_id"": ""D"", ""option_text"": ""结构化、代码与多模态知识路由只适用于演示环境，无法用于工程系统。""}]",,固定字段、规则清单、指标和关系表优先使用SQL或受控查询，避免模型从文本化表格猜测数值。查询结果需携带表、字段、时间和过滤条件。,"[""62932873-51ea-5a17-86b5-b386af4b4671""]"
e8d5c315-23e2-523d-a474-1cea308600c4,RAG-M07-N04,true_false,5,把表格、代码和图片转成文本就完全等价。,"[{""option_id"": ""T"", ""option_text"": ""正确""}, {""option_id"": ""F"", ""option_text"": ""错误""}]",,转换可能丢失结构、位置、类型和精确数值，需要保留原始模态。,"[""62932873-51ea-5a17-86b5-b386af4b4671"", ""cc8a5bcb-a904-508d-becf-7c11bae4e059""]"
47a150ee-281f-5931-9b75-0afa43572eb0,RAG-M07-N04,short_answer,5,请用不超过200字说明结构化、代码与多模态知识路由的核心目标、一个适用边界和一个质量验证方法。,[],,答案必须同时包含目标、边界和可验证方法，不能只复述名词。,"[""62932873-51ea-5a17-86b5-b386af4b4671"", ""cc8a5bcb-a904-508d-becf-7c11bae4e059"", ""08c393ce-e227-59c9-b152-c945db8c3b40""]"
2cec83e3-c42c-59a9-8aec-35c718f13611,RAG-M07-N04,short_answer,5,在企业RAG项目中需要应用“结构化、代码与多模态知识路由”。请给出实施步骤、失败风险和验收证据。,[],,按照知识点目标和边界给出可落地方案。,"[""62932873-51ea-5a17-86b5-b386af4b4671"", ""cc8a5bcb-a904-508d-becf-7c11bae4e059"", ""08c393ce-e227-59c9-b152-c945db8c3b40"", ""597a13ad-5a95-5959-953b-1121d00ba127""]"
2c5feecb-0d16-5626-a41b-148bb4cdda89,RAG-M08-N01,single_choice,2,关于“知识服务API、契约与Agent集成”，以下哪项表述最准确？,"[{""option_id"": ""A"", ""option_text"": ""Agent之间直接传任意JSON更灵活。""}, {""option_id"": ""B"", ""option_text"": ""请求至少包含retrieval_request_id、knowledge_base_version_id、query_text、top_k和filters。身份与权限过滤由后端生成，Agent不能通过自然语言绕过。""}, {""option_id"": ""C"", ""option_text"": ""知识服务API、契约与Agent集成不需要任何评测或版本记录。""}, {""option_id"": ""D"", ""option_text"": ""知识服务API、契约与Agent集成只适用于演示环境，无法用于工程系统。""}]",,请求至少包含retrieval_request_id、knowledge_base_version_id、query_text、top_k和filters。身份与权限过滤由后端生成，Agent不能通过自然语言绕过。,"[""a7da9668-9a0f-5eb3-8d65-1e2f8a3f2cfb""]"
76be89d2-59ba-509d-8cf9-f9148805deae,RAG-M08-N01,true_false,2,Agent之间直接传任意JSON更灵活。,"[{""option_id"": ""T"", ""option_text"": ""正确""}, {""option_id"": ""F"", ""option_text"": ""错误""}]",,无契约会导致字段漂移、无法并行开发和难以测试。,"[""a7da9668-9a0f-5eb3-8d65-1e2f8a3f2cfb"", ""a9903154-d349-5bb0-84f1-96c0c210e11e""]"
10d1a726-d68b-5662-91a3-f85953577560,RAG-M08-N01,short_answer,3,请用不超过200字说明知识服务API、契约与Agent集成的核心目标、一个适用边界和一个质量验证方法。,[],,答案必须同时包含目标、边界和可验证方法，不能只复述名词。,"[""a7da9668-9a0f-5eb3-8d65-1e2f8a3f2cfb"", ""a9903154-d349-5bb0-84f1-96c0c210e11e"", ""e706b43c-21c6-5e1e-be27-a6d15bf6dca6""]"
5ad25c33-f846-52ff-9640-dc97131495cd,RAG-M08-N01,short_answer,3,在企业RAG项目中需要应用“知识服务API、契约与Agent集成”。请给出实施步骤、失败风险和验收证据。,[],,按照知识点目标和边界给出可落地方案。,"[""a7da9668-9a0f-5eb3-8d65-1e2f8a3f2cfb"", ""a9903154-d349-5bb0-84f1-96c0c210e11e"", ""e706b43c-21c6-5e1e-be27-a6d15bf6dca6"", ""a089978b-f264-5e1f-8ec5-299595c46819""]"
29c38019-3f10-54e8-a472-4a2ef25efdfa,RAG-M08-N02,single_choice,3,关于“持久化、事务、缓存与一致性”，以下哪项表述最准确？,"[{""option_id"": ""A"", ""option_text"": ""数据库也是通过前端API直接连接。""}, {""option_id"": ""B"", ""option_text"": ""结构化权威记录放PostgreSQL，向量可由pgvector同库保存；PDF、图片和代码包放对象存储；Redis仅保存可重建的缓存、分布式锁或短期协调数据。""}, {""option_id"": ""C"", ""option_text"": ""持久化、事务、缓存与一致性不需要任何评测或版本记录。""}, {""option_id"": ""D"", ""option_text"": ""持久化、事务、缓存与一致性只适用于演示环境，无法用于工程系统。""}]",,结构化权威记录放PostgreSQL，向量可由pgvector同库保存；PDF、图片和代码包放对象存储；Redis仅保存可重建的缓存、分布式锁或短期协调数据。,"[""a0691617-7aef-5cbb-999b-318ce930f4d5""]"
09b88e28-ee79-566c-bacd-eb67e5f10e58,RAG-M08-N02,true_false,3,数据库也是通过前端API直接连接。,"[{""option_id"": ""T"", ""option_text"": ""正确""}, {""option_id"": ""F"", ""option_text"": ""错误""}]",,前端只调用后端API，后端使用数据库驱动或ORM连接数据库。,"[""a0691617-7aef-5cbb-999b-318ce930f4d5"", ""216cb12a-abee-5c74-a2e2-8ad16395fae0""]"
bfc66c50-0bc4-546d-84d2-c83dad1e550d,RAG-M08-N02,short_answer,4,请用不超过200字说明持久化、事务、缓存与一致性的核心目标、一个适用边界和一个质量验证方法。,[],,答案必须同时包含目标、边界和可验证方法，不能只复述名词。,"[""a0691617-7aef-5cbb-999b-318ce930f4d5"", ""216cb12a-abee-5c74-a2e2-8ad16395fae0"", ""83d3d7ce-7589-50b3-ae42-99e860593e20""]"
00cf91a7-b2d6-55aa-8f9f-0a2eb0e24bf9,RAG-M08-N02,short_answer,4,在企业RAG项目中需要应用“持久化、事务、缓存与一致性”。请给出实施步骤、失败风险和验收证据。,[],,按照知识点目标和边界给出可落地方案。,"[""a0691617-7aef-5cbb-999b-318ce930f4d5"", ""216cb12a-abee-5c74-a2e2-8ad16395fae0"", ""83d3d7ce-7589-50b3-ae42-99e860593e20"", ""e5980c5c-382b-51b1-a425-0f896e0d688e""]"
9bef8762-504c-57e1-87e5-122534b796a9,RAG-M08-N03,single_choice,4,关于“性能、批处理、缓存与容量规划”，以下哪项表述最准确？,"[{""option_id"": ""A"", ""option_text"": ""减少top-k一定能同时提高速度和质量。""}, {""option_id"": ""B"", ""option_text"": ""容量模型至少考虑文档数、切片数、向量维度、索引大小、每日更新量、并发查询、候选池、重排调用和生成token。数据规模与查询模式共同决定瓶颈。""}, {""option_id"": ""C"", ""option_text"": ""性能、批处理、缓存与容量规划不需要任何评测或版本记录。""}, {""option_id"": ""D"", ""option_text"": ""性能、批处理、缓存与容量规划只适用于演示环境，无法用于工程系统。""}]",,容量模型至少考虑文档数、切片数、向量维度、索引大小、每日更新量、并发查询、候选池、重排调用和生成token。数据规模与查询模式共同决定瓶颈。,"[""8d9b1474-edc1-5907-9284-c13592082a29""]"
597e0e87-34ba-5cee-b67f-e4cb557af15b,RAG-M08-N03,true_false,4,减少top-k一定能同时提高速度和质量。,"[{""option_id"": ""T"", ""option_text"": ""正确""}, {""option_id"": ""F"", ""option_text"": ""错误""}]",,速度可能提高，但关键证据召回可能下降，需要质量-性能联合评测。,"[""8d9b1474-edc1-5907-9284-c13592082a29"", ""4c1d2fed-7251-5c77-8fb9-405983e2e002""]"
0e30ea1f-4c51-511b-8e0e-aa34dedb4043,RAG-M08-N03,short_answer,5,请用不超过200字说明性能、批处理、缓存与容量规划的核心目标、一个适用边界和一个质量验证方法。,[],,答案必须同时包含目标、边界和可验证方法，不能只复述名词。,"[""8d9b1474-edc1-5907-9284-c13592082a29"", ""4c1d2fed-7251-5c77-8fb9-405983e2e002"", ""a7caef67-cf4a-5fc4-a770-9f695ad627f6""]"
a599e6d6-f7bb-5938-ad28-a1496ee0bec9,RAG-M08-N03,short_answer,5,在企业RAG项目中需要应用“性能、批处理、缓存与容量规划”。请给出实施步骤、失败风险和验收证据。,[],,按照知识点目标和边界给出可落地方案。,"[""8d9b1474-edc1-5907-9284-c13592082a29"", ""4c1d2fed-7251-5c77-8fb9-405983e2e002"", ""a7caef67-cf4a-5fc4-a770-9f695ad627f6"", ""fd6ae84e-23a4-5b44-85a7-d12f8246b9f4""]"
72786715-1e9f-5610-8331-acd28ca76717,RAG-M08-N04,single_choice,5,关于“本地开发、容器部署、安全与运维”，以下哪项表述最准确？,"[{""option_id"": ""A"", ""option_text"": ""本地开发后部署只需把代码复制到服务器。""}, {""option_id"": ""B"", ""option_text"": ""前端、业务后端、Agent Runtime、PostgreSQL/pgvector和Redis可在一台开发机运行。数据库数据卷、上传文件和密钥不提交Git，仓库只保存迁移、种子、契约和代码。""}, {""option_id"": ""C"", ""option_text"": ""本地开发、容器部署、安全与运维不需要任何评测或版本记录。""}, {""option_id"": ""D"", ""option_text"": ""本地开发、容器部署、安全与运维只适用于演示环境，无法用于工程系统。""}]",,前端、业务后端、Agent Runtime、PostgreSQL/pgvector和Redis可在一台开发机运行。数据库数据卷、上传文件和密钥不提交Git，仓库只保存迁移、种子、契约和代码。,"[""0af1e8e2-843f-554e-af8f-c5115de5ccd8""]"
d2a54873-b2a2-5e9a-80b1-fd11b6d06f05,RAG-M08-N04,true_false,5,本地开发后部署只需把代码复制到服务器。,"[{""option_id"": ""T"", ""option_text"": ""正确""}, {""option_id"": ""F"", ""option_text"": ""错误""}]",,还需要环境配置、持久化卷、迁移、反向代理、安全、监控和恢复演练。,"[""0af1e8e2-843f-554e-af8f-c5115de5ccd8"", ""9ee66678-89ed-5378-b51f-57bc0edfe9a9""]"
3b97f129-ea3f-56a2-acae-9721ba9e7c37,RAG-M08-N04,short_answer,5,请用不超过200字说明本地开发、容器部署、安全与运维的核心目标、一个适用边界和一个质量验证方法。,[],,答案必须同时包含目标、边界和可验证方法，不能只复述名词。,"[""0af1e8e2-843f-554e-af8f-c5115de5ccd8"", ""9ee66678-89ed-5378-b51f-57bc0edfe9a9"", ""cceb5911-0533-57ae-8400-8f5f80f11680""]"
bfd10eb2-200c-5442-9cc3-2171793b84ff,RAG-M08-N04,short_answer,5,在企业RAG项目中需要应用“本地开发、容器部署、安全与运维”。请给出实施步骤、失败风险和验收证据。,[],,按照知识点目标和边界给出可落地方案。,"[""0af1e8e2-843f-554e-af8f-c5115de5ccd8"", ""9ee66678-89ed-5378-b51f-57bc0edfe9a9"", ""cceb5911-0533-57ae-8400-8f5f80f11680"", ""58052dfe-4dc7-5155-a507-14fde93333d3""]"
