chunk_id,evidence_id,knowledge_node_id,module_id,title,content,difficulty_level,is_core,importance_score,source_ids,source_tier,aliases,tags,citation_text,content_hash,embedding_status
4b400c7e-2381-5a49-af38-a222398a6963,30aa7214-53ca-50c1-ba4d-3a8dc49a2e34,RAG-M01-N01,RAG-M01,RAG的定义、目标与边界：核心定义,"知识点：RAG的定义、目标与边界
主题：核心定义
RAG把检索器与生成模型组合起来：检索器从显式知识源中返回与任务相关的证据，生成模型再依据任务指令与证据组织输出。知识主要保存在可更新的外部存储中，而不是全部依赖模型参数记忆。
适用边界：不把RAG等同于模型微调；不承诺绝对零幻觉；知识库外问题应拒答或转人工",1,True,1.0,"[""SRC-RAG-LEWIS-2020""]",A,"[""检索增强生成"", ""Retrieval-Augmented Generation"", ""RAG基础""]","[""RAG-M01"", ""RAG-M01-N01"", ""RAG基础"", ""Retrieval-Augmented Generation"", ""核心定义"", ""检索增强生成""]",RAG基础与方案选择 / RAG的定义、目标与边界 / 核心定义,cfbd05b2-6aa0-531e-b40f-4820dd22d624,not_generated
e2b3cfad-fc5f-5b04-936b-554d78fa1bd4,c170ae95-9b55-5e85-9857-46a84b4e7711,RAG-M01-N01,RAG-M01,RAG的定义、目标与边界：主要工程价值,"知识点：RAG的定义、目标与边界
主题：主要工程价值
企业或课程知识发生变化时，可以更新文档、切片和索引，而不必为了每次事实变化重新训练大模型。证据项还能绑定文档、版本和片段编号，为审核、追责和回归测试提供基础。
适用边界：不把RAG等同于模型微调；不承诺绝对零幻觉；知识库外问题应拒答或转人工",1,True,1.0,"[""SRC-RAG-LEWIS-2020"", ""SRC-NIST-AI-RMF""]",A,"[""检索增强生成"", ""Retrieval-Augmented Generation"", ""RAG基础""]","[""RAG-M01"", ""RAG-M01-N01"", ""RAG基础"", ""Retrieval-Augmented Generation"", ""主要工程价值"", ""检索增强生成""]",RAG基础与方案选择 / RAG的定义、目标与边界 / 主要工程价值,f7383716-6e04-545a-8249-f563fb2d7391,not_generated
dd3d90e4-259d-5727-9ec1-629521d28635,6651205b-2e94-5f91-a6db-34d0af08c3e0,RAG-M01-N01,RAG-M01,RAG的定义、目标与边界：不等于事实保证,"知识点：RAG的定义、目标与边界
主题：不等于事实保证
检索到正确证据并不意味着最终输出一定正确。系统仍可能出现漏检、误检、证据冲突、上下文截断、指令误解和无依据扩写，因此必须分别评测检索质量与生成忠实度，并设置拒答和审核机制。
适用边界：不把RAG等同于模型微调；不承诺绝对零幻觉；知识库外问题应拒答或转人工",1,True,1.0,"[""SRC-RAGAS-2023"", ""SRC-NIST-AI-RMF""]",A,"[""检索增强生成"", ""Retrieval-Augmented Generation"", ""RAG基础""]","[""RAG-M01"", ""RAG-M01-N01"", ""RAG基础"", ""Retrieval-Augmented Generation"", ""不等于事实保证"", ""检索增强生成""]",RAG基础与方案选择 / RAG的定义、目标与边界 / 不等于事实保证,89110581-c004-5385-91cf-415cb248c388,not_generated
905bcd9d-8eb9-5b60-8390-040dd2611ff3,f27b31af-a9cf-5abc-bd1b-a61c4a459ff3,RAG-M01-N01,RAG-M01,RAG的定义、目标与边界：本项目中的角色,"知识点：RAG的定义、目标与边界
主题：本项目中的角色
在个性化培训系统中，知识库提供专业事实和实操规范；诊断结果决定检索目标；资源生成智能体据此生成讲义、案例或练习；审核智能体检查每个关键结论是否被证据支持。
适用边界：不把RAG等同于模型微调；不承诺绝对零幻觉；知识库外问题应拒答或转人工",1,True,1.0,"[""SRC-COMPETITION-XH-202630""]",A,"[""检索增强生成"", ""Retrieval-Augmented Generation"", ""RAG基础""]","[""RAG-M01"", ""RAG-M01-N01"", ""RAG基础"", ""Retrieval-Augmented Generation"", ""本项目中的角色"", ""检索增强生成""]",RAG基础与方案选择 / RAG的定义、目标与边界 / 本项目中的角色,fdd1c6e9-650a-5061-8c54-7739c08939ff,not_generated
548555a1-edcb-540c-9f2b-517b34f69f2f,e03a7e60-d324-5f5e-834f-7381739e0810,RAG-M01-N02,RAG-M01,RAG端到端流水线与责任分层：离线知识构建,"知识点：RAG端到端流水线与责任分层
主题：离线知识构建
离线阶段负责资料登记、解析、清洗、切片、元数据补全、嵌入或关键词索引、图关系构建、质量评测和版本发布。只有通过门禁的知识库版本才允许被在线工作流使用。
适用边界：在线流程不得使用未发布知识版本；关键状态必须可回放；每个环节必须有失败和降级路径",1,True,1.0,"[""SRC-NIST-AI-RMF"", ""SRC-LLAMAINDEX-HIERARCHY""]",A,"[""RAG pipeline"", ""检索生成流程"", ""RAG系统链路""]","[""RAG pipeline"", ""RAG-M01"", ""RAG-M01-N02"", ""RAG系统链路"", ""检索生成流程"", ""离线知识构建""]",RAG基础与方案选择 / RAG端到端流水线与责任分层 / 离线知识构建,799ddb24-958d-5e6e-888e-07ea13ae1089,not_generated
242186c8-f390-5935-bed9-0fa17094a7f8,01c56b02-c15f-576b-9b9d-68c47d67916b,RAG-M01-N02,RAG-M01,RAG端到端流水线与责任分层：在线查询链路,"知识点：RAG端到端流水线与责任分层
主题：在线查询链路
在线阶段通常包括意图识别、查询改写、权限与元数据过滤、候选召回、融合或重排、上下文压缩、受约束生成、引用绑定和结果审核。复杂场景还会加入多步检索和工具调用。
适用边界：在线流程不得使用未发布知识版本；关键状态必须可回放；每个环节必须有失败和降级路径",1,True,1.0,"[""SRC-OPENSEARCH-HYBRID"", ""SRC-RAGAS-2023""]",B,"[""RAG pipeline"", ""检索生成流程"", ""RAG系统链路""]","[""RAG pipeline"", ""RAG-M01"", ""RAG-M01-N02"", ""RAG系统链路"", ""在线查询链路"", ""检索生成流程""]",RAG基础与方案选择 / RAG端到端流水线与责任分层 / 在线查询链路,9f9c8f25-87ce-5f5a-b49f-f735238f902d,not_generated
08a15c40-43f6-592a-9412-9e76eaf2b074,4f80f1b6-c99f-5f35-8eac-065eadf712ad,RAG-M01-N02,RAG-M01,RAG端到端流水线与责任分层：阶段责任隔离,"知识点：RAG端到端流水线与责任分层
主题：阶段责任隔离
检索器负责找到尽可能相关的证据，生成器负责在证据范围内完成任务，审核器负责验证事实、引用、难度和格式。把三者混成一个不可观测调用，会导致问题发生后无法定位根因。
适用边界：在线流程不得使用未发布知识版本；关键状态必须可回放；每个环节必须有失败和降级路径",1,True,1.0,"[""SRC-RAGAS-2023"", ""SRC-COMPETITION-XH-202630""]",A,"[""RAG pipeline"", ""检索生成流程"", ""RAG系统链路""]","[""RAG pipeline"", ""RAG-M01"", ""RAG-M01-N02"", ""RAG系统链路"", ""检索生成流程"", ""阶段责任隔离""]",RAG基础与方案选择 / RAG端到端流水线与责任分层 / 阶段责任隔离,c6a38021-dd5f-53cf-8a2e-15fefc423e6e,not_generated
bf90160b-8b40-5349-8d12-f3df4d5a4521,0cbdabc0-1c7f-5315-b264-d7240cc87b5d,RAG-M01-N02,RAG-M01,RAG端到端流水线与责任分层：可观测与回放,"知识点：RAG端到端流水线与责任分层
主题：可观测与回放
每次运行应记录知识库版本、查询、过滤条件、命中片段、排名、模型和提示词版本、最终引用、审核结论及耗时。这样才能重放失败案例、比较版本并证明指标来自真实运行。
适用边界：在线流程不得使用未发布知识版本；关键状态必须可回放；每个环节必须有失败和降级路径",1,True,1.0,"[""SRC-NIST-AI-RMF""]",A,"[""RAG pipeline"", ""检索生成流程"", ""RAG系统链路""]","[""RAG pipeline"", ""RAG-M01"", ""RAG-M01-N02"", ""RAG系统链路"", ""可观测与回放"", ""检索生成流程""]",RAG基础与方案选择 / RAG端到端流水线与责任分层 / 可观测与回放,841795f1-8619-58cb-9858-d2e2459b7ae8,not_generated
ef953a32-872c-596e-86d4-3bb0dfbcb644,f2b2fa8a-fee3-586e-bbc3-98b5ecb5f1af,RAG-M01-N03,RAG-M01,RAG、微调、长上下文与工具调用的选择：RAG适用条件,"知识点：RAG、微调、长上下文与工具调用的选择
主题：RAG适用条件
当知识频繁更新、来源必须可追溯、不同租户拥有不同资料或需要权限过滤时，RAG通常优于把事实写入模型参数。知识版本可以独立发布和回滚。
适用边界：方案选择必须记录业务前提；实时数据优先使用工具查询；高频更新事实不得只依赖微调记忆",2,True,0.95,"[""SRC-RAG-LEWIS-2020""]",A,"[""RAG与微调"", ""RAG vs Fine-tuning"", ""长上下文方案选择""]","[""RAG vs Fine-tuning"", ""RAG-M01"", ""RAG-M01-N03"", ""RAG与微调"", ""RAG适用条件"", ""长上下文方案选择""]",RAG基础与方案选择 / RAG、微调、长上下文与工具调用的选择 / RAG适用条件,2ead2f38-3adf-53dc-8635-305b4fb5813a,not_generated
01eb77ce-08e4-5b32-9fa3-87a57c9daa74,3bbdce74-b29f-52ac-8394-06056f2e85f0,RAG-M01-N03,RAG-M01,RAG、微调、长上下文与工具调用的选择：微调的主要位置,"知识点：RAG、微调、长上下文与工具调用的选择
主题：微调的主要位置
监督微调或参数高效微调更适合稳定输出格式、领域表达习惯、分类判定和工具选择模式。它不能天然提供文档级引用，也不适合作为高频变化事实的唯一存储。
适用边界：方案选择必须记录业务前提；实时数据优先使用工具查询；高频更新事实不得只依赖微调记忆",2,True,0.95,"[""SRC-RAG-LEWIS-2020""]",A,"[""RAG与微调"", ""RAG vs Fine-tuning"", ""长上下文方案选择""]","[""RAG vs Fine-tuning"", ""RAG-M01"", ""RAG-M01-N03"", ""RAG与微调"", ""微调的主要位置"", ""长上下文方案选择""]",RAG基础与方案选择 / RAG、微调、长上下文与工具调用的选择 / 微调的主要位置,311c8346-9a35-580d-ba26-afacd5e2935f,not_generated
823e104d-d7b2-540c-b330-6b362ebfd7a2,bdafa642-49da-5f6f-897b-a1302eae874a,RAG-M01-N03,RAG-M01,RAG、微调、长上下文与工具调用的选择：长上下文的限制,"知识点：RAG、微调、长上下文与工具调用的选择
主题：长上下文的限制
把整批资料直接放入上下文可以减少索引工程，但成本、延迟和噪声会随材料增长；研究也显示相关信息位于长上下文不同位置时，模型利用效果可能明显变化。
适用边界：方案选择必须记录业务前提；实时数据优先使用工具查询；高频更新事实不得只依赖微调记忆",2,True,0.95,"[""SRC-LOST-MIDDLE-2024""]",B,"[""RAG与微调"", ""RAG vs Fine-tuning"", ""长上下文方案选择""]","[""RAG vs Fine-tuning"", ""RAG-M01"", ""RAG-M01-N03"", ""RAG与微调"", ""长上下文方案选择"", ""长上下文的限制""]",RAG基础与方案选择 / RAG、微调、长上下文与工具调用的选择 / 长上下文的限制,a14cd4f7-5e07-53a2-b061-aaf0173e9a07,not_generated
cd8e2dd5-9256-55aa-8650-50be6ff65757,135c2547-e958-5725-b386-ba992f9a2714,RAG-M01-N03,RAG-M01,RAG、微调、长上下文与工具调用的选择：工具调用的职责,"知识点：RAG、微调、长上下文与工具调用的选择
主题：工具调用的职责
当任务要求查询结构化数据库、执行代码、计算指标或调用业务系统时，应使用受权限控制的工具，而不是让模型根据文档猜测实时结果。RAG负责提供知识，工具负责执行可验证动作。
适用边界：方案选择必须记录业务前提；实时数据优先使用工具查询；高频更新事实不得只依赖微调记忆",2,True,0.95,"[""SRC-NIST-AI-RMF""]",A,"[""RAG与微调"", ""RAG vs Fine-tuning"", ""长上下文方案选择""]","[""RAG vs Fine-tuning"", ""RAG-M01"", ""RAG-M01-N03"", ""RAG与微调"", ""工具调用的职责"", ""长上下文方案选择""]",RAG基础与方案选择 / RAG、微调、长上下文与工具调用的选择 / 工具调用的职责,1bab5761-b321-5c4d-8bd1-73e18a34ed09,not_generated
5a6683ce-10d9-57cd-a6ce-61ad22e80d04,3ed623c7-fb38-5e39-bc64-befbff600e5a,RAG-M01-N04,RAG-M01,需求分析、成功指标与RAG架构决策：先定义用户任务,"知识点：需求分析、成功指标与RAG架构决策
主题：先定义用户任务
需求文档需要说明谁在什么情境下提出什么问题、可接受哪些来源、哪些答案必须拒答、错误会造成什么后果。仅写“做一个智能知识库”无法指导切片、权限和评测。
适用边界：每项指标必须给出计算口径；评测集需版本化并防止泄漏；架构选择必须能回溯到知识形态和问题类型",2,True,0.95,"[""SRC-NIST-AI-RMF""]",A,"[""RAG需求分析"", ""RAG技术选型"", ""成功标准""]","[""RAG-M01"", ""RAG-M01-N04"", ""RAG技术选型"", ""RAG需求分析"", ""先定义用户任务"", ""成功标准""]",RAG基础与方案选择 / 需求分析、成功指标与RAG架构决策 / 先定义用户任务,e0233c80-4cfa-5820-bc15-f3fb6b5550b0,not_generated
33cf3623-bb8a-533f-84a0-68419faf0e20,f48d4afb-0300-5ea2-a1e3-aad1427e3a34,RAG-M01-N04,RAG-M01,需求分析、成功指标与RAG架构决策：建立黄金问题集,"知识点：需求分析、成功指标与RAG架构决策
主题：建立黄金问题集
在开发索引前先收集代表性问题、期望证据、可接受答案要点和拒答样例。黄金集应覆盖事实、比较、步骤、故障排查、多跳关系和越权请求，后续所有版本都运行回归。
适用边界：每项指标必须给出计算口径；评测集需版本化并防止泄漏；架构选择必须能回溯到知识形态和问题类型",2,True,0.95,"[""SRC-RAGAS-2023"", ""SRC-NIST-AI-RMF""]",A,"[""RAG需求分析"", ""RAG技术选型"", ""成功标准""]","[""RAG-M01"", ""RAG-M01-N04"", ""RAG技术选型"", ""RAG需求分析"", ""建立黄金问题集"", ""成功标准""]",RAG基础与方案选择 / 需求分析、成功指标与RAG架构决策 / 建立黄金问题集,8f5b2c99-d7d0-5806-b919-d99a9e54b612,not_generated
e63901d5-ec70-5394-aa46-95d241668fe6,0a53a5bd-4026-5071-82ac-2b8e27cba817,RAG-M01-N04,RAG-M01,需求分析、成功指标与RAG架构决策：指标分层,"知识点：需求分析、成功指标与RAG架构决策
主题：指标分层
检索层关注Hit Rate、Recall、MRR、nDCG和上下文精度；生成层关注事实忠实度、引用正确率、完整性和拒答正确率；系统层关注P95时延、成本、失败率、恢复能力与用户任务完成率。
适用边界：每项指标必须给出计算口径；评测集需版本化并防止泄漏；架构选择必须能回溯到知识形态和问题类型",2,True,0.95,"[""SRC-RAGAS-2023""]",B,"[""RAG需求分析"", ""RAG技术选型"", ""成功标准""]","[""RAG-M01"", ""RAG-M01-N04"", ""RAG技术选型"", ""RAG需求分析"", ""成功标准"", ""指标分层""]",RAG基础与方案选择 / 需求分析、成功指标与RAG架构决策 / 指标分层,f4c21e16-f9ae-5f74-b41f-ba10dd31e39a,not_generated
2b5fa342-2290-5214-9f3c-896526ac3313,3d5cd78b-15d8-54f0-b2b4-db02eb10b962,RAG-M01-N04,RAG-M01,需求分析、成功指标与RAG架构决策：知识形态驱动架构,"知识点：需求分析、成功指标与RAG架构决策
主题：知识形态驱动架构
独立短事实适合混合检索；长层级文档适合父子检索；实体关系和多跳问题适合图检索；规则表和实时指标适合结构化查询；代码问题需要符号和调用关系索引。
适用边界：每项指标必须给出计算口径；评测集需版本化并防止泄漏；架构选择必须能回溯到知识形态和问题类型",2,True,0.95,"[""SRC-GRAPHRAG-OFFICIAL"", ""SRC-LLAMAINDEX-HIERARCHY""]",A,"[""RAG需求分析"", ""RAG技术选型"", ""成功标准""]","[""RAG-M01"", ""RAG-M01-N04"", ""RAG技术选型"", ""RAG需求分析"", ""成功标准"", ""知识形态驱动架构""]",RAG基础与方案选择 / 需求分析、成功指标与RAG架构决策 / 知识形态驱动架构,5e1b2341-e7f6-535c-802b-4deb22b2fd00,not_generated
ef07702c-5ca8-56e8-8585-5a4e8f00780f,3e812057-6f3c-58b4-879c-b84b70205ca3,RAG-M02-N01,RAG-M02,知识源治理、可信等级与准入：来源登记,"知识点：知识源治理、可信等级与准入
主题：来源登记
每份资料至少登记文档ID、标题、发布机构、版本或日期、获取渠道、授权状态、适用范围、负责人、校验时间和内容哈希。缺少关键元数据的资料只能进入隔离区，不能直接发布。
适用边界：未授权敏感资料不得入库；模型生成草稿不得自动发布；过期来源必须支持撤回与影响分析",1,True,1.0,"[""SRC-NIST-AI-RMF""]",A,"[""source governance"", ""知识来源管理"", ""资料准入""]","[""RAG-M02"", ""RAG-M02-N01"", ""source governance"", ""来源登记"", ""知识来源管理"", ""资料准入""]",数据治理与知识构建 / 知识源治理、可信等级与准入 / 来源登记,ded1c3b1-4c93-5372-8899-96b154e887ae,not_generated
ebc8bf47-fcbf-5faa-b2e8-8e24df7de2f2,7e8f9330-fd2c-5cf2-aee7-1101bd092085,RAG-M02-N01,RAG-M02,知识源治理、可信等级与准入：可信等级,"知识点：知识源治理、可信等级与准入
主题：可信等级
可以把法规、标准、官方文档和已审核内部制度设为高可信；专家审阅材料为中高可信；论坛、博客和模型生成草稿为候选来源。检索与审核时应把可信等级纳入排序和冲突裁决。
适用边界：未授权敏感资料不得入库；模型生成草稿不得自动发布；过期来源必须支持撤回与影响分析",1,True,1.0,"[""SRC-NIST-AI-RMF""]",A,"[""source governance"", ""知识来源管理"", ""资料准入""]","[""RAG-M02"", ""RAG-M02-N01"", ""source governance"", ""可信等级"", ""知识来源管理"", ""资料准入""]",数据治理与知识构建 / 知识源治理、可信等级与准入 / 可信等级,bb769757-bf21-53fc-95f1-ed657b45cc68,not_generated
527f2a0c-ae66-5f73-ad29-6d9eb5db5c79,33ddfbdd-4719-5f27-bf5d-b22f52551dcf,RAG-M02-N01,RAG-M02,知识源治理、可信等级与准入：派生内容可追溯,"知识点：知识源治理、可信等级与准入
主题：派生内容可追溯
摘要、切片、实体关系、题目和讲义都必须保留到原始资料的血缘。任何派生内容被修改时，应记录操作者、时间、变更原因和受影响的知识节点。
适用边界：未授权敏感资料不得入库；模型生成草稿不得自动发布；过期来源必须支持撤回与影响分析",1,True,1.0,"[""SRC-NIST-AI-RMF"", ""SRC-COMPETITION-XH-202630""]",A,"[""source governance"", ""知识来源管理"", ""资料准入""]","[""RAG-M02"", ""RAG-M02-N01"", ""source governance"", ""派生内容可追溯"", ""知识来源管理"", ""资料准入""]",数据治理与知识构建 / 知识源治理、可信等级与准入 / 派生内容可追溯,5e2f391b-d806-5480-b330-eca871c43bb9,not_generated
268d814f-650b-5285-8b74-5140505cd684,19a5d2af-6eb3-5673-b2cb-087fac1fa0be,RAG-M02-N01,RAG-M02,知识源治理、可信等级与准入：冲突与失效,"知识点：知识源治理、可信等级与准入
主题：冲突与失效
当不同来源结论冲突时，系统不能简单平均或任选一个。应按权威性、适用时间、适用对象和版本生效范围做裁决；无法确定时标记冲突并转人工审核。
适用边界：未授权敏感资料不得入库；模型生成草稿不得自动发布；过期来源必须支持撤回与影响分析",1,True,1.0,"[""SRC-NIST-AI-RMF""]",A,"[""source governance"", ""知识来源管理"", ""资料准入""]","[""RAG-M02"", ""RAG-M02-N01"", ""source governance"", ""冲突与失效"", ""知识来源管理"", ""资料准入""]",数据治理与知识构建 / 知识源治理、可信等级与准入 / 冲突与失效,d57bd1b6-46f6-594e-9b80-1c91f4d54ddd,not_generated
7b42eb32-7cc8-5870-a703-2b64cc6e937e,507145bd-82bf-57de-ba2c-02e7c516d149,RAG-M02-N02,RAG-M02,文档解析、清洗与结构保真：按文件类型选择解析器,"知识点：文档解析、清洗与结构保真
主题：按文件类型选择解析器
Markdown、HTML、DOCX、原生PDF、扫描PDF、表格和代码仓库需要不同解析策略。优先使用原生文本和结构信息；只有没有可靠文本层时才使用OCR，并保留OCR置信度。
适用边界：保留原始文件和解析版本；关键资料解析失败必须阻断发布；OCR结果需标记置信度与人工复核状态",2,True,0.95,"[""SRC-LLAMAINDEX-HIERARCHY""]",B,"[""document parsing"", ""文档清洗"", ""版面解析""]","[""RAG-M02"", ""RAG-M02-N02"", ""document parsing"", ""按文件类型选择解析器"", ""文档清洗"", ""版面解析""]",数据治理与知识构建 / 文档解析、清洗与结构保真 / 按文件类型选择解析器,3fc82408-fb47-512c-b15a-e9e52e2c617d,not_generated
f378f42a-c50c-5f24-a63e-99106ce2a6ff,459f4320-ffba-555d-9b05-e679be68ff95,RAG-M02-N02,RAG-M02,文档解析、清洗与结构保真：结构保真,"知识点：文档解析、清洗与结构保真
主题：结构保真
解析结果应保留章节路径、页码、表格行列、代码语言、列表层级、图片说明和前后节点关系。结构字段既用于切片，也用于引用定位和父子检索。
适用边界：保留原始文件和解析版本；关键资料解析失败必须阻断发布；OCR结果需标记置信度与人工复核状态",2,True,0.95,"[""SRC-LLAMAINDEX-HIERARCHY""]",B,"[""document parsing"", ""文档清洗"", ""版面解析""]","[""RAG-M02"", ""RAG-M02-N02"", ""document parsing"", ""文档清洗"", ""版面解析"", ""结构保真""]",数据治理与知识构建 / 文档解析、清洗与结构保真 / 结构保真,a5aa1ffd-9c90-5ad7-84e5-289372bea3e4,not_generated
5f92f712-f6f3-516b-b8ea-08d0d4f1b6f1,44da0ddb-5f54-55a7-a6d2-dd3665dbd829,RAG-M02-N02,RAG-M02,文档解析、清洗与结构保真：清洗原则,"知识点：文档解析、清洗与结构保真
主题：清洗原则
删除重复页眉页脚、导航噪声和空白，但不能把否定词、单位、表格标题或代码缩进误删。清洗步骤必须可重放，并保存原始文本、清洗文本和差异摘要。
适用边界：保留原始文件和解析版本；关键资料解析失败必须阻断发布；OCR结果需标记置信度与人工复核状态",2,True,0.95,"[""SRC-NIST-AI-RMF""]",A,"[""document parsing"", ""文档清洗"", ""版面解析""]","[""RAG-M02"", ""RAG-M02-N02"", ""document parsing"", ""文档清洗"", ""清洗原则"", ""版面解析""]",数据治理与知识构建 / 文档解析、清洗与结构保真 / 清洗原则,7be3d4c3-8d11-54b1-a6f2-202ad003ee2c,not_generated
35ed6e33-5e4a-53ad-b2a3-5465ec73bddd,d3ec5725-8e5f-57b6-aec7-c0f45172e0bb,RAG-M02-N02,RAG-M02,文档解析、清洗与结构保真：解析验收,"知识点：文档解析、清洗与结构保真
主题：解析验收
抽样检查字符完整率、标题识别率、表格保真率、代码块完整率和页码定位。关键资料应设置人工抽检比例；低于阈值时阻止进入切片和索引阶段。
适用边界：保留原始文件和解析版本；关键资料解析失败必须阻断发布；OCR结果需标记置信度与人工复核状态",2,True,0.95,"[""SRC-NIST-AI-RMF""]",A,"[""document parsing"", ""文档清洗"", ""版面解析""]","[""RAG-M02"", ""RAG-M02-N02"", ""document parsing"", ""文档清洗"", ""版面解析"", ""解析验收""]",数据治理与知识构建 / 文档解析、清洗与结构保真 / 解析验收,1767d6ad-b4fa-54e7-8b08-42534662b295,not_generated
47998d15-d7af-59ba-8dd6-095131da932e,afb69292-46aa-55c7-b4b5-5b895d9d4513,RAG-M02-N03,RAG-M02,切片策略、语义边界与父子结构：语义完整性优先,"知识点：切片策略、语义边界与父子结构
主题：语义完整性优先
一个切片应尽量围绕单一可回答主题，保留定义、条件、例外和结论。跨标题、把否定条件拆开或把表头与数据分离，都会产生表面相关但不可用的证据。
适用边界：切片必须保留来源位置；参数变更要创建新索引版本；不得把表头、否定条件与正文分离",2,True,1.0,"[""SRC-LLAMAINDEX-HIERARCHY""]",B,"[""chunking"", ""文档切片"", ""parent-child chunks""]","[""RAG-M02"", ""RAG-M02-N03"", ""chunking"", ""parent-child chunks"", ""文档切片"", ""语义完整性优先""]",数据治理与知识构建 / 切片策略、语义边界与父子结构 / 语义完整性优先,9f0c468e-07dd-5af9-b6f4-19e08b20f565,not_generated
83f9c8b4-7573-53a1-bd3e-f44ca43ec392,42e17c0b-2db3-52ac-b398-eca5dc702b4f,RAG-M02-N03,RAG-M02,切片策略、语义边界与父子结构：长度与重叠权衡,"知识点：切片策略、语义边界与父子结构
主题：长度与重叠权衡
切片过小会丢失上下文并增加碎片；过大会混入多个主题并降低上下文精度。重叠可减少边界损失，但会增加索引体积和重复结果。参数必须通过Hit Rate、MRR和上下文精度比较。
适用边界：切片必须保留来源位置；参数变更要创建新索引版本；不得把表头、否定条件与正文分离",2,True,1.0,"[""SRC-RAGAS-2023""]",B,"[""chunking"", ""文档切片"", ""parent-child chunks""]","[""RAG-M02"", ""RAG-M02-N03"", ""chunking"", ""parent-child chunks"", ""文档切片"", ""长度与重叠权衡""]",数据治理与知识构建 / 切片策略、语义边界与父子结构 / 长度与重叠权衡,ceaa0add-75af-5144-a4bf-bd4ddc055914,not_generated
a65781f0-ab25-562c-989d-330d499eb70d,f4b2772e-9f5f-5419-9b2b-cd8a22ef39de,RAG-M02-N03,RAG-M02,切片策略、语义边界与父子结构：父子层级,"知识点：切片策略、语义边界与父子结构
主题：父子层级
长文档可同时保存较小的叶子节点和较大的父节点。检索用叶子节点提高定位精度，返回上下文时再补充父节点，从而兼顾召回和完整性。
适用边界：切片必须保留来源位置；参数变更要创建新索引版本；不得把表头、否定条件与正文分离",2,True,1.0,"[""SRC-LLAMAINDEX-HIERARCHY""]",B,"[""chunking"", ""文档切片"", ""parent-child chunks""]","[""RAG-M02"", ""RAG-M02-N03"", ""chunking"", ""parent-child chunks"", ""文档切片"", ""父子层级""]",数据治理与知识构建 / 切片策略、语义边界与父子结构 / 父子层级,9ae36f93-ea4f-5213-ad22-8805a9dafd6d,not_generated
0673987c-1fdd-521d-943f-5c93f1853410,8ccfef39-f6ff-5035-a27f-e0413f934758,RAG-M02-N03,RAG-M02,切片策略、语义边界与父子结构：按内容类型切片,"知识点：切片策略、语义边界与父子结构
主题：按内容类型切片
表格应按逻辑行组和表头切片，代码按符号和调用关系切片，FAQ按完整问答切片，规章制度按条款与适用范围切片。一个全局固定长度策略通常不足。
适用边界：切片必须保留来源位置；参数变更要创建新索引版本；不得把表头、否定条件与正文分离",2,True,1.0,"[""SRC-LLAMAINDEX-HIERARCHY""]",B,"[""chunking"", ""文档切片"", ""parent-child chunks""]","[""RAG-M02"", ""RAG-M02-N03"", ""chunking"", ""parent-child chunks"", ""按内容类型切片"", ""文档切片""]",数据治理与知识构建 / 切片策略、语义边界与父子结构 / 按内容类型切片,07232b4c-1bc6-5da1-98de-c4e22be34af6,not_generated
25dc0669-e0d9-5ec9-9d79-5c164dc5bd37,110a39ee-0b6b-56b0-9c4f-626fbb785b1a,RAG-M02-N04,RAG-M02,元数据、版本、血缘与知识发布：最小元数据集,"知识点：元数据、版本、血缘与知识发布
主题：最小元数据集
切片至少包含chunk_id、document_id、knowledge_node_id、标题路径、页码或锚点、版本、语言、难度、来源等级、有效期、权限标签、内容哈希和父子关系。
适用边界：发布版本不可原地修改；所有引用必须可追溯；权限标签必须在检索前过滤而非生成后遮盖",3,True,1.0,"[""SRC-NIST-AI-RMF"", ""SRC-LLAMAINDEX-HIERARCHY""]",A,"[""metadata"", ""knowledge versioning"", ""provenance""]","[""RAG-M02"", ""RAG-M02-N04"", ""knowledge versioning"", ""metadata"", ""provenance"", ""最小元数据集""]",数据治理与知识构建 / 元数据、版本、血缘与知识发布 / 最小元数据集,f58b1147-1f95-5342-b377-a8e41572b4d2,not_generated
777c78ed-9975-58ad-b316-58e5040dfc84,de2d06e7-6962-5ce2-b3f9-b8d983be22b8,RAG-M02-N04,RAG-M02,元数据、版本、血缘与知识发布：不可变版本,"知识点：元数据、版本、血缘与知识发布
主题：不可变版本
知识库版本发布后保持不可变。新增、删除、重新切片或更换嵌入模型都创建候选新版本；通过评测和审批后再切换激活指针，旧版本保留用于回放与回滚。
适用边界：发布版本不可原地修改；所有引用必须可追溯；权限标签必须在检索前过滤而非生成后遮盖",3,True,1.0,"[""SRC-NIST-AI-RMF""]",A,"[""metadata"", ""knowledge versioning"", ""provenance""]","[""RAG-M02"", ""RAG-M02-N04"", ""knowledge versioning"", ""metadata"", ""provenance"", ""不可变版本""]",数据治理与知识构建 / 元数据、版本、血缘与知识发布 / 不可变版本,cb8428b0-9378-5576-a18b-b2c3b450edb7,not_generated
e1243373-ebca-53aa-86ef-6ee693452560,8682abe8-16eb-58ff-8869-c1fa1c56290c,RAG-M02-N04,RAG-M02,元数据、版本、血缘与知识发布：血缘链,"知识点：元数据、版本、血缘与知识发布
主题：血缘链
最终答案中的evidence_id应能追溯到chunk_id、document_id、原始文件、解析版本和来源登记记录。题目、讲义与关系边也要保存其依据，避免形成无法解释的二手知识。
适用边界：发布版本不可原地修改；所有引用必须可追溯；权限标签必须在检索前过滤而非生成后遮盖",3,True,1.0,"[""SRC-COMPETITION-XH-202630"", ""SRC-NIST-AI-RMF""]",A,"[""metadata"", ""knowledge versioning"", ""provenance""]","[""RAG-M02"", ""RAG-M02-N04"", ""knowledge versioning"", ""metadata"", ""provenance"", ""血缘链""]",数据治理与知识构建 / 元数据、版本、血缘与知识发布 / 血缘链,fa8793a3-5397-5405-af3e-0503f27cc561,not_generated
299662c4-5084-55d3-9617-b1085ac71ad5,4cb0290e-cbda-526c-b420-5e1044866f55,RAG-M02-N04,RAG-M02,元数据、版本、血缘与知识发布：发布门禁,"知识点：元数据、版本、血缘与知识发布
主题：发布门禁
候选版本需通过Schema、ID唯一性、引用完整性、来源准入、检索回归、核心节点覆盖、冲突检查和安全测试。任何阻断项失败都不能标记为published。
适用边界：发布版本不可原地修改；所有引用必须可追溯；权限标签必须在检索前过滤而非生成后遮盖",3,True,1.0,"[""SRC-NIST-AI-RMF""]",A,"[""metadata"", ""knowledge versioning"", ""provenance""]","[""RAG-M02"", ""RAG-M02-N04"", ""knowledge versioning"", ""metadata"", ""provenance"", ""发布门禁""]",数据治理与知识构建 / 元数据、版本、血缘与知识发布 / 发布门禁,a7682fee-ca07-5142-b4d7-5f518ead91ab,not_generated
b6709bfd-8cfa-5737-b783-177361986417,d2603583-8af0-5455-9b44-3d5e989c94c1,RAG-M03-N01,RAG-M03,文本嵌入、向量表示与相似度：语义表示,"知识点：文本嵌入、向量表示与相似度
主题：语义表示
句向量模型把可变长度文本编码为固定维度向量，目标是让语义相关文本在向量空间中更接近。它适合召回同义表达，但不保证精确匹配编号、公式或专有缩写。
适用边界：嵌入模型和预处理必须记录版本；专有编号和精确术语需结合关键词检索；模型更换必须重建索引",2,True,1.0,"[""SRC-SBERT-2019""]",B,"[""embedding"", ""sentence embedding"", ""语义向量""]","[""RAG-M03"", ""RAG-M03-N01"", ""embedding"", ""sentence embedding"", ""语义向量"", ""语义表示""]",表示、索引与基础检索 / 文本嵌入、向量表示与相似度 / 语义表示,c07d1362-b31b-5913-89f6-6f04b7b317ef,not_generated
2dbf7492-93dd-5c43-a233-184a7af3bae7,32df7ce1-8afb-5cfb-9b25-91de8fed3532,RAG-M03-N01,RAG-M03,文本嵌入、向量表示与相似度：距离函数一致性,"知识点：文本嵌入、向量表示与相似度
主题：距离函数一致性
余弦距离关注方向，内积同时受方向和向量长度影响，欧氏距离衡量几何距离。索引创建、查询和模型是否归一化必须一致，否则排序含义会发生变化。
适用边界：嵌入模型和预处理必须记录版本；专有编号和精确术语需结合关键词检索；模型更换必须重建索引",2,True,1.0,"[""SRC-PGVECTOR-OFFICIAL""]",A,"[""embedding"", ""sentence embedding"", ""语义向量""]","[""RAG-M03"", ""RAG-M03-N01"", ""embedding"", ""sentence embedding"", ""语义向量"", ""距离函数一致性""]",表示、索引与基础检索 / 文本嵌入、向量表示与相似度 / 距离函数一致性,a0e6ac58-b572-5c69-9ba5-f15fdde1badc,not_generated
19824ae8-89db-59a0-a5d0-12bf8a90bfa6,9b9b3e6f-796b-5b9e-b2ac-7dd455c1f2f0,RAG-M03-N01,RAG-M03,文本嵌入、向量表示与相似度：模型选型,"知识点：文本嵌入、向量表示与相似度
主题：模型选型
选型需要比较目标语言、领域术语、上下文长度、维度、吞吐、许可和部署方式。不能只根据公开榜单决定，应使用本项目固定问题集测量召回、排序和成本。
适用边界：嵌入模型和预处理必须记录版本；专有编号和精确术语需结合关键词检索；模型更换必须重建索引",2,True,1.0,"[""SRC-SBERT-2019"", ""SRC-NIST-AI-RMF""]",A,"[""embedding"", ""sentence embedding"", ""语义向量""]","[""RAG-M03"", ""RAG-M03-N01"", ""embedding"", ""sentence embedding"", ""模型选型"", ""语义向量""]",表示、索引与基础检索 / 文本嵌入、向量表示与相似度 / 模型选型,b8bc56eb-cf05-5910-9b52-0f1d6523a54e,not_generated
284eaf68-a6db-5402-982e-1eb2f02cbf5b,2e9c8abd-4f76-5113-9886-e0d3edd77542,RAG-M03-N01,RAG-M03,文本嵌入、向量表示与相似度：嵌入版本化,"知识点：文本嵌入、向量表示与相似度
主题：嵌入版本化
更换嵌入模型、维度、前处理或归一化方式会改变全部向量，应创建新索引版本并重新跑回归。查询向量与文档向量不得来自不兼容版本。
适用边界：嵌入模型和预处理必须记录版本；专有编号和精确术语需结合关键词检索；模型更换必须重建索引",2,True,1.0,"[""SRC-PGVECTOR-OFFICIAL"", ""SRC-NIST-AI-RMF""]",A,"[""embedding"", ""sentence embedding"", ""语义向量""]","[""RAG-M03"", ""RAG-M03-N01"", ""embedding"", ""sentence embedding"", ""嵌入版本化"", ""语义向量""]",表示、索引与基础检索 / 文本嵌入、向量表示与相似度 / 嵌入版本化,581c8ae2-59db-59bf-9fa9-542a68c03168,not_generated
b7f8d0e5-6fee-537c-b2f7-8770765af8c3,0db4adce-4113-5ed8-844f-89563f132422,RAG-M03-N02,RAG-M03,向量存储、精确搜索、HNSW与IVFFlat：精确与近似检索,"知识点：向量存储、精确搜索、HNSW与IVFFlat
主题：精确与近似检索
pgvector默认可执行精确最近邻搜索，适合小规模数据和评测基线。近似索引通过减少搜索范围提高速度，但可能牺牲召回，因此应定期与精确结果比较。
适用边界：上线前必须有精确检索基线；租户和权限过滤不可省略；索引参数变更必须进入版本记录",3,True,0.95,"[""SRC-PGVECTOR-OFFICIAL""]",A,"[""vector database"", ""pgvector"", ""HNSW"", ""IVFFlat""]","[""HNSW"", ""IVFFlat"", ""RAG-M03"", ""RAG-M03-N02"", ""pgvector"", ""vector database"", ""精确与近似检索""]",表示、索引与基础检索 / 向量存储、精确搜索、HNSW与IVFFlat / 精确与近似检索,66c23293-cd75-5621-b9ad-86c21eca70e8,not_generated
c6b2a608-855d-53db-b789-f50ffb9132d4,5e8ced64-0f8f-5a42-906f-fa6ec450dc0f,RAG-M03-N02,RAG-M03,向量存储、精确搜索、HNSW与IVFFlat：HNSW,"知识点：向量存储、精确搜索、HNSW与IVFFlat
主题：HNSW
HNSW使用多层图结构，通常查询性能和速度-召回权衡较好，但索引构建更慢且占用更多内存。ef_search提高时召回通常提升，同时查询成本增加。
适用边界：上线前必须有精确检索基线；租户和权限过滤不可省略；索引参数变更必须进入版本记录",3,True,0.95,"[""SRC-PGVECTOR-OFFICIAL""]",A,"[""vector database"", ""pgvector"", ""HNSW"", ""IVFFlat""]","[""HNSW"", ""IVFFlat"", ""RAG-M03"", ""RAG-M03-N02"", ""pgvector"", ""vector database""]",表示、索引与基础检索 / 向量存储、精确搜索、HNSW与IVFFlat / HNSW,df9387a7-ded7-5588-8345-7c6bb2a2830d,not_generated
ca8031a6-1151-52fc-aff6-172e625f33bc,383e3b96-5fe2-5637-975e-836e1a294892,RAG-M03-N02,RAG-M03,向量存储、精确搜索、HNSW与IVFFlat：IVFFlat,"知识点：向量存储、精确搜索、HNSW与IVFFlat
主题：IVFFlat
IVFFlat把向量分入多个列表，查询时只探测部分列表。它构建更快、内存较低，但需要数据后才能合理训练，lists和probes设置直接影响速度与召回。
适用边界：上线前必须有精确检索基线；租户和权限过滤不可省略；索引参数变更必须进入版本记录",3,True,0.95,"[""SRC-PGVECTOR-OFFICIAL""]",A,"[""vector database"", ""pgvector"", ""HNSW"", ""IVFFlat""]","[""HNSW"", ""IVFFlat"", ""RAG-M03"", ""RAG-M03-N02"", ""pgvector"", ""vector database""]",表示、索引与基础检索 / 向量存储、精确搜索、HNSW与IVFFlat / IVFFlat,e99d391c-e5cb-505c-b6cf-07d5286f88ae,not_generated
0c9a0fc0-ba92-5ac3-86ac-08850f2d10c8,881618b9-0202-5397-b16b-fb002bf8a858,RAG-M03-N02,RAG-M03,向量存储、精确搜索、HNSW与IVFFlat：过滤与索引,"知识点：向量存储、精确搜索、HNSW与IVFFlat
主题：过滤与索引
权限、租户、版本和知识节点过滤应在检索计划中明确。近似索引可能先召回后过滤，导致返回数量不足；可以配合普通列索引、分区、部分索引或迭代扫描。
适用边界：上线前必须有精确检索基线；租户和权限过滤不可省略；索引参数变更必须进入版本记录",3,True,0.95,"[""SRC-PGVECTOR-OFFICIAL""]",A,"[""vector database"", ""pgvector"", ""HNSW"", ""IVFFlat""]","[""HNSW"", ""IVFFlat"", ""RAG-M03"", ""RAG-M03-N02"", ""pgvector"", ""vector database"", ""过滤与索引""]",表示、索引与基础检索 / 向量存储、精确搜索、HNSW与IVFFlat / 过滤与索引,f7ca2d5e-d358-52c1-81e5-ea4c835feb98,not_generated
2c8b1477-2c7e-5aa4-b0d4-db4225177d36,6cf90763-ba94-5e6b-af2b-df4a83374646,RAG-M03-N03,RAG-M03,BM25、关键词检索与精确术语召回：BM25直觉,"知识点：BM25、关键词检索与精确术语召回
主题：BM25直觉
BM25综合词项频率、文档频率和文档长度，对在少量文档中出现的查询词给予较高区分度，并通过饱和机制避免词频无限放大。
适用边界：保留原始查询与规范化查询；领域词典需要版本化；关键词权重需通过评测调整",2,True,0.95,"[""SRC-OPENSEARCH-HYBRID""]",B,"[""BM25"", ""sparse retrieval"", ""全文检索"", ""关键词检索""]","[""BM25"", ""BM25直觉"", ""RAG-M03"", ""RAG-M03-N03"", ""sparse retrieval"", ""全文检索"", ""关键词检索""]",表示、索引与基础检索 / BM25、关键词检索与精确术语召回 / BM25直觉,a4dafd57-744e-56e1-ae12-148a8d16f767,not_generated
838a8cf9-87db-5ab0-9e0b-52880ef814f3,d95931d9-b4cc-59ae-883d-8742ad35e137,RAG-M03-N03,RAG-M03,BM25、关键词检索与精确术语召回：精确术语优势,"知识点：BM25、关键词检索与精确术语召回
主题：精确术语优势
版本号、错误码、API路径、类名和规范条款常被语义嵌入弱化，而关键词检索能直接利用字符或词项匹配。领域系统应为这些字段建立别名和规范化规则。
适用边界：保留原始查询与规范化查询；领域词典需要版本化；关键词权重需通过评测调整",2,True,0.95,"[""SRC-OPENSEARCH-HYBRID""]",B,"[""BM25"", ""sparse retrieval"", ""全文检索"", ""关键词检索""]","[""BM25"", ""RAG-M03"", ""RAG-M03-N03"", ""sparse retrieval"", ""全文检索"", ""关键词检索"", ""精确术语优势""]",表示、索引与基础检索 / BM25、关键词检索与精确术语召回 / 精确术语优势,279cf034-604d-59db-9489-ce72c6327d91,not_generated
8985d40f-efad-5dcf-945d-34331cbb2fa9,6eae105b-244f-5e5f-8fdd-4ef9df1231dd,RAG-M03-N03,RAG-M03,BM25、关键词检索与精确术语召回：中文分词与词典,"知识点：BM25、关键词检索与精确术语召回
主题：中文分词与词典
中文没有天然空格边界，分词器和领域词典会显著影响召回。可结合字符n-gram、专有词典、大小写与全半角归一化，避免把关键术语拆错。
适用边界：保留原始查询与规范化查询；领域词典需要版本化；关键词权重需通过评测调整",2,True,0.95,"[""SRC-NIST-AI-RMF""]",A,"[""BM25"", ""sparse retrieval"", ""全文检索"", ""关键词检索""]","[""BM25"", ""RAG-M03"", ""RAG-M03-N03"", ""sparse retrieval"", ""中文分词与词典"", ""全文检索"", ""关键词检索""]",表示、索引与基础检索 / BM25、关键词检索与精确术语召回 / 中文分词与词典,8978c414-1229-5fe2-939b-91258415ce6a,not_generated
83732c63-8bf9-576f-968f-be16d7508768,518d537b-59a6-5d48-8df2-0b35bb37c0b8,RAG-M03-N03,RAG-M03,BM25、关键词检索与精确术语召回：基线价值,"知识点：BM25、关键词检索与精确术语召回
主题：基线价值
即使最终使用稠密检索，也应保留关键词基线。它实现简单、可解释，能帮助定位嵌入模型是否真正改善了语义召回，还是只增加了复杂度。
适用边界：保留原始查询与规范化查询；领域词典需要版本化；关键词权重需通过评测调整",2,True,0.95,"[""SRC-RAGAS-2023""]",B,"[""BM25"", ""sparse retrieval"", ""全文检索"", ""关键词检索""]","[""BM25"", ""RAG-M03"", ""RAG-M03-N03"", ""sparse retrieval"", ""全文检索"", ""关键词检索"", ""基线价值""]",表示、索引与基础检索 / BM25、关键词检索与精确术语召回 / 基线价值,b9a656be-c46d-5624-a296-3b5b2b2d0ba0,not_generated
6a4e0281-c2bf-56c9-9b34-5ff4d0f292ac,7d448bf9-e164-5a44-81cd-86a76d56dcfa,RAG-M03-N04,RAG-M03,混合检索、分数融合与RRF：互补召回,"知识点：混合检索、分数融合与RRF
主题：互补召回
稠密检索可以召回同义表达，稀疏检索擅长精确术语。先分别召回候选，再融合和重排，通常比只依赖单一路径更稳健。
适用边界：融合前保留原始排名；禁止跨权限融合；必须报告单路与混合的消融结果",3,True,1.0,"[""SRC-OPENSEARCH-HYBRID""]",B,"[""hybrid search"", ""reciprocal rank fusion"", ""稀疏稠密融合""]","[""RAG-M03"", ""RAG-M03-N04"", ""hybrid search"", ""reciprocal rank fusion"", ""互补召回"", ""稀疏稠密融合""]",表示、索引与基础检索 / 混合检索、分数融合与RRF / 互补召回,7e119cba-88c3-585e-8865-5adc18ed49ed,not_generated
8d9a0faf-059d-550c-8c4b-46ef30642e18,3a1befcf-aede-53f8-9b53-b51f618c12b4,RAG-M03-N04,RAG-M03,混合检索、分数融合与RRF：分数归一化,"知识点：混合检索、分数融合与RRF
主题：分数归一化
不同检索器的原始分数含义和范围不同，直接加权可能让某一路径支配结果。分数融合需要归一化、权重和边界测试。
适用边界：融合前保留原始排名；禁止跨权限融合；必须报告单路与混合的消融结果",3,True,1.0,"[""SRC-OPENSEARCH-HYBRID""]",B,"[""hybrid search"", ""reciprocal rank fusion"", ""稀疏稠密融合""]","[""RAG-M03"", ""RAG-M03-N04"", ""hybrid search"", ""reciprocal rank fusion"", ""分数归一化"", ""稀疏稠密融合""]",表示、索引与基础检索 / 混合检索、分数融合与RRF / 分数归一化,5781e166-5cd3-5862-adfa-bef4aee82c5b,not_generated
161e924d-c776-510f-b485-226593719af4,0c530834-1e07-54de-8e39-8511bc1658c0,RAG-M03-N04,RAG-M03,混合检索、分数融合与RRF：RRF,"知识点：混合检索、分数融合与RRF
主题：RRF
RRF根据文档在各结果列表中的名次累加倒数排名贡献，避免直接比较异构分数。rank constant影响头部排名差异，仍需在本地问题集上评测。
适用边界：融合前保留原始排名；禁止跨权限融合；必须报告单路与混合的消融结果",3,True,1.0,"[""SRC-OPENSEARCH-HYBRID""]",B,"[""hybrid search"", ""reciprocal rank fusion"", ""稀疏稠密融合""]","[""RAG-M03"", ""RAG-M03-N04"", ""RRF"", ""hybrid search"", ""reciprocal rank fusion"", ""稀疏稠密融合""]",表示、索引与基础检索 / 混合检索、分数融合与RRF / RRF,582a282d-365c-552b-916f-5b89a0f30a5c,not_generated
1f0be406-ef15-56c4-93a2-e565f08acb9d,716788a5-719d-5bd2-b841-55fc952f6160,RAG-M03-N04,RAG-M03,混合检索、分数融合与RRF：融合后仍需过滤与去重,"知识点：混合检索、分数融合与RRF
主题：融合后仍需过滤与去重
同一父文档的高度重叠切片可能占满top-k。融合后应按权限和版本过滤、按内容哈希或父节点去重，并保留各检索路径的贡献，便于解释。
适用边界：融合前保留原始排名；禁止跨权限融合；必须报告单路与混合的消融结果",3,True,1.0,"[""SRC-NIST-AI-RMF""]",A,"[""hybrid search"", ""reciprocal rank fusion"", ""稀疏稠密融合""]","[""RAG-M03"", ""RAG-M03-N04"", ""hybrid search"", ""reciprocal rank fusion"", ""稀疏稠密融合"", ""融合后仍需过滤与去重""]",表示、索引与基础检索 / 混合检索、分数融合与RRF / 融合后仍需过滤与去重,6e9fcbf4-1426-5a40-af32-7aab51418150,not_generated
f96a00e5-5b2d-5807-9d3f-37fb06407a00,2216241f-58cb-509e-abb0-41c1c55bdf1f,RAG-M04-N01,RAG-M04,查询理解、意图识别与查询改写：意图决定检索策略,"知识点：查询理解、意图识别与查询改写
主题：意图决定检索策略
单点定义可直接混合检索；比较题需要同时召回多个对象；步骤题需要层级上下文；故障排查可能需要多轮证据；高风险或越权问题应直接进入拒答或人工路径。
适用边界：关键限定词不得丢失；每次改写要可追踪；高不确定性优先追问或多路检索",2,True,0.95,"[""SRC-GRAPHRAG-OFFICIAL"", ""SRC-NIST-AI-RMF""]",A,"[""query rewriting"", ""query understanding"", ""查询扩展""]","[""RAG-M04"", ""RAG-M04-N01"", ""query rewriting"", ""query understanding"", ""意图决定检索策略"", ""查询扩展""]",检索增强与上下文工程 / 查询理解、意图识别与查询改写 / 意图决定检索策略,148e3a91-b93f-5f5a-be5c-32325ee7657d,not_generated
19204317-2225-51ea-a181-a98ee3ab4b8a,65b31f9f-9013-512f-bbda-cc2200a4f140,RAG-M04-N01,RAG-M04,查询理解、意图识别与查询改写：规范化与改写,"知识点：查询理解、意图识别与查询改写
主题：规范化与改写
查询规范化包括大小写、全半角、别名、错别字和缩写展开。改写应输出原问题、规范化问题和改写理由，不能用改写后的问题覆盖原始输入。
适用边界：关键限定词不得丢失；每次改写要可追踪；高不确定性优先追问或多路检索",2,True,0.95,"[""SRC-NIST-AI-RMF""]",A,"[""query rewriting"", ""query understanding"", ""查询扩展""]","[""RAG-M04"", ""RAG-M04-N01"", ""query rewriting"", ""query understanding"", ""查询扩展"", ""规范化与改写""]",检索增强与上下文工程 / 查询理解、意图识别与查询改写 / 规范化与改写,48581b99-2dcf-5a98-8839-6bae1e996cf8,not_generated
0ef4d810-c79a-512d-870a-3b9de3f13e54,9856893b-3706-5d35-9fd0-b1563a39dcba,RAG-M04-N01,RAG-M04,查询理解、意图识别与查询改写：多查询扩展,"知识点：查询理解、意图识别与查询改写
主题：多查询扩展
一个复杂问题可生成若干互补查询，例如概念、步骤和风险三个子查询，再合并证据。扩展数量过多会引入噪声和成本，应设置上限并做证据覆盖检查。
适用边界：关键限定词不得丢失；每次改写要可追踪；高不确定性优先追问或多路检索",2,True,0.95,"[""SRC-RAGAS-2023""]",B,"[""query rewriting"", ""query understanding"", ""查询扩展""]","[""RAG-M04"", ""RAG-M04-N01"", ""query rewriting"", ""query understanding"", ""多查询扩展"", ""查询扩展""]",检索增强与上下文工程 / 查询理解、意图识别与查询改写 / 多查询扩展,6ffbd822-f8ca-5605-8773-f99ab7acda1e,not_generated
020260a6-bbcf-5b78-bb2c-1d9944752e6b,bb2ff342-0006-574c-8c09-7a5c49b1524f,RAG-M04-N01,RAG-M04,查询理解、意图识别与查询改写：防止语义漂移,"知识点：查询理解、意图识别与查询改写
主题：防止语义漂移
改写模型可能把用户的限定条件、否定或时间范围改掉。系统需要对关键实体、范围和约束做一致性检查，无法确认时保留原查询或向用户追问。
适用边界：关键限定词不得丢失；每次改写要可追踪；高不确定性优先追问或多路检索",2,True,0.95,"[""SRC-NIST-AI-RMF""]",A,"[""query rewriting"", ""query understanding"", ""查询扩展""]","[""RAG-M04"", ""RAG-M04-N01"", ""query rewriting"", ""query understanding"", ""查询扩展"", ""防止语义漂移""]",检索增强与上下文工程 / 查询理解、意图识别与查询改写 / 防止语义漂移,f4bc2ae6-e28f-559e-9fa2-8191542221b3,not_generated
a8da5e87-aa8e-5a0a-aff0-422563bf8c74,060b18e5-ed29-50d7-9cf1-d2cb7ae22fed,RAG-M04-N02,RAG-M04,元数据过滤、租户隔离与权限检索：检索前授权,"知识点：元数据过滤、租户隔离与权限检索
主题：检索前授权
请求进入检索器前由可信后端解析用户身份和权限，形成不可由模型修改的过滤条件。Agent只能补充查询意图，不能扩大允许访问的租户、文档或安全级别。
适用边界：权限条件由后端注入且不可被Agent覆盖；拒绝日志不得包含敏感正文；版本和有效期过滤为强制字段",3,True,1.0,"[""SRC-NIST-AI-RMF"", ""SRC-OWASP-PROMPT-INJECTION""]",A,"[""metadata filter"", ""access control retrieval"", ""权限过滤""]","[""RAG-M04"", ""RAG-M04-N02"", ""access control retrieval"", ""metadata filter"", ""权限过滤"", ""检索前授权""]",检索增强与上下文工程 / 元数据过滤、租户隔离与权限检索 / 检索前授权,268fb3ab-372e-57a4-b0c7-442caa3d1d45,not_generated
5f5c1555-a4ea-5009-a1c9-299cf7644264,190248c5-ff2b-5d24-8f12-8dca4b602d96,RAG-M04-N02,RAG-M04,元数据过滤、租户隔离与权限检索：版本与有效期,"知识点：元数据过滤、租户隔离与权限检索
主题：版本与有效期
过滤条件除组织和角色外，还应包括激活知识库版本、文档状态、有效时间和语言。这样可以防止已退役、未审批或未来生效内容进入答案。
适用边界：权限条件由后端注入且不可被Agent覆盖；拒绝日志不得包含敏感正文；版本和有效期过滤为强制字段",3,True,1.0,"[""SRC-NIST-AI-RMF""]",A,"[""metadata filter"", ""access control retrieval"", ""权限过滤""]","[""RAG-M04"", ""RAG-M04-N02"", ""access control retrieval"", ""metadata filter"", ""权限过滤"", ""版本与有效期""]",检索增强与上下文工程 / 元数据过滤、租户隔离与权限检索 / 版本与有效期,4bec1ca3-9938-521d-b121-f8d485c0a807,not_generated
44b9fe52-ae93-5626-863b-a8c63ef02876,772c18e9-a423-5492-80df-214c3e326a87,RAG-M04-N02,RAG-M04,元数据过滤、租户隔离与权限检索：近似检索交互,"知识点：元数据过滤、租户隔离与权限检索
主题：近似检索交互
近似向量索引可能在召回后应用过滤，导致满足条件的结果不足。应通过普通列索引、分区、部分索引、迭代扫描或扩大候选池验证结果数量和召回。
适用边界：权限条件由后端注入且不可被Agent覆盖；拒绝日志不得包含敏感正文；版本和有效期过滤为强制字段",3,True,1.0,"[""SRC-PGVECTOR-OFFICIAL""]",A,"[""metadata filter"", ""access control retrieval"", ""权限过滤""]","[""RAG-M04"", ""RAG-M04-N02"", ""access control retrieval"", ""metadata filter"", ""权限过滤"", ""近似检索交互""]",检索增强与上下文工程 / 元数据过滤、租户隔离与权限检索 / 近似检索交互,6e22acb9-eb04-5d43-a9a7-66669d22f4fd,not_generated
fdb6fccf-a82c-563b-a002-9868072875e8,4e5f6c43-7704-5ab0-be5b-c059a68e3b4b,RAG-M04-N02,RAG-M04,元数据过滤、租户隔离与权限检索：越权测试,"知识点：元数据过滤、租户隔离与权限检索
主题：越权测试
测试应包括跨租户ID、伪造过滤字段、提示注入要求忽略权限、已撤回文档和混合公开/敏感片段。日志中不能泄露被拒绝片段的正文。
适用边界：权限条件由后端注入且不可被Agent覆盖；拒绝日志不得包含敏感正文；版本和有效期过滤为强制字段",3,True,1.0,"[""SRC-OWASP-PROMPT-INJECTION"", ""SRC-NIST-AI-RMF""]",A,"[""metadata filter"", ""access control retrieval"", ""权限过滤""]","[""RAG-M04"", ""RAG-M04-N02"", ""access control retrieval"", ""metadata filter"", ""权限过滤"", ""越权测试""]",检索增强与上下文工程 / 元数据过滤、租户隔离与权限检索 / 越权测试,0d1f50ef-84d3-5fb6-9f9d-016b7fc4b9d2,not_generated
99acbaa3-dd19-5a6e-896b-3ea75dafbd1a,cea9d066-c4b0-5d51-826e-5bf6970b3b7b,RAG-M04-N03,RAG-M04,候选重排、交叉编码器与多阶段检索：两阶段职责,"知识点：候选重排、交叉编码器与多阶段检索
主题：两阶段职责
召回器在大规模语料中快速获取较大的候选池，重排器对有限候选做更昂贵的相关性判断。设计时分别设置candidate_k、rerank_k和最终context_k。
适用边界：保留重排前后排名；候选池参数需版本化；重排超时必须有降级路径",3,True,0.95,"[""SRC-COLBERT-2020""]",B,"[""reranking"", ""cross-encoder"", ""多阶段检索""]","[""RAG-M04"", ""RAG-M04-N03"", ""cross-encoder"", ""reranking"", ""两阶段职责"", ""多阶段检索""]",检索增强与上下文工程 / 候选重排、交叉编码器与多阶段检索 / 两阶段职责,48f1757a-57a6-565a-835c-f995a9319f66,not_generated
ed370cd7-17e9-5b88-afcc-4f0efb7dcbd7,825fd4ce-5fd5-5a03-b094-ae387480ea2d,RAG-M04-N03,RAG-M04,候选重排、交叉编码器与多阶段检索：交叉编码与晚交互,"知识点：候选重排、交叉编码器与多阶段检索
主题：交叉编码与晚交互
交叉编码器可联合编码查询和片段，相关性通常更细致但成本高；晚交互方法预计算文档表示并保留词级交互，在效果和效率之间取折中。
适用边界：保留重排前后排名；候选池参数需版本化；重排超时必须有降级路径",3,True,0.95,"[""SRC-COLBERT-2020""]",B,"[""reranking"", ""cross-encoder"", ""多阶段检索""]","[""RAG-M04"", ""RAG-M04-N03"", ""cross-encoder"", ""reranking"", ""交叉编码与晚交互"", ""多阶段检索""]",检索增强与上下文工程 / 候选重排、交叉编码器与多阶段检索 / 交叉编码与晚交互,212cc40d-6bf6-5d15-8cdf-abeab9b3a2ee,not_generated
918b2362-2d21-5bab-a6e6-d4a4807ff395,f485d3df-f7e5-552d-b6f5-f7cb733477a0,RAG-M04-N03,RAG-M04,候选重排、交叉编码器与多阶段检索：评测重排收益,"知识点：候选重排、交叉编码器与多阶段检索
主题：评测重排收益
不能只看最终答案。应比较重排前后MRR、nDCG、首个相关证据排名、P95延迟和成本，并按查询类型分析，避免整体平均掩盖某类退化。
适用边界：保留重排前后排名；候选池参数需版本化；重排超时必须有降级路径",3,True,0.95,"[""SRC-RAGAS-2023""]",B,"[""reranking"", ""cross-encoder"", ""多阶段检索""]","[""RAG-M04"", ""RAG-M04-N03"", ""cross-encoder"", ""reranking"", ""多阶段检索"", ""评测重排收益""]",检索增强与上下文工程 / 候选重排、交叉编码器与多阶段检索 / 评测重排收益,01f25d47-859e-55a7-8d51-6cfff58a8f13,not_generated
ae788b2b-0eb4-581f-b2e6-bff849eb09b8,77e2ed0e-4e52-5024-90b5-73020341f9ce,RAG-M04-N03,RAG-M04,候选重排、交叉编码器与多阶段检索：多样性与去重,"知识点：候选重排、交叉编码器与多阶段检索
主题：多样性与去重
纯相关性重排可能把多个近重复片段排在顶部。可加入父文档去重、知识节点覆盖或最大边际相关性约束，保证上下文既相关又覆盖必要子主题。
适用边界：保留重排前后排名；候选池参数需版本化；重排超时必须有降级路径",3,True,0.95,"[""SRC-RAGAS-2023""]",B,"[""reranking"", ""cross-encoder"", ""多阶段检索""]","[""RAG-M04"", ""RAG-M04-N03"", ""cross-encoder"", ""reranking"", ""多样性与去重"", ""多阶段检索""]",检索增强与上下文工程 / 候选重排、交叉编码器与多阶段检索 / 多样性与去重,1614bc22-45d8-5027-b146-deff2a152337,not_generated
41fb494d-a279-55ea-b86e-116eff6b4b01,24c5e9d9-1f5f-5cb1-afb7-793c9235f9c3,RAG-M04-N04,RAG-M04,上下文选择、压缩、排序与引用封装：预算分配,"知识点：上下文选择、压缩、排序与引用封装
主题：预算分配
上下文预算需为系统指令、用户问题、证据和输出预留空间。证据选择应综合相关性、权威性、时效性、覆盖度和重复度，而不是简单截取top-k。
适用边界：关键条件不得因压缩丢失；证据包必须可复现；冲突证据不得静默合并",4,True,1.0,"[""SRC-LOST-MIDDLE-2024"", ""SRC-NIST-AI-RMF""]",A,"[""context packing"", ""context compression"", ""上下文工程""]","[""RAG-M04"", ""RAG-M04-N04"", ""context compression"", ""context packing"", ""上下文工程"", ""预算分配""]",检索增强与上下文工程 / 上下文选择、压缩、排序与引用封装 / 预算分配,3f297528-5fd8-5d18-a718-ddff3a715027,not_generated
05ad4aed-b560-5a08-8fbe-17d5705ac7fc,d6441eb5-e28a-5b0b-9cd7-f1b5b94fb8a9,RAG-M04-N04,RAG-M04,上下文选择、压缩、排序与引用封装：压缩不改写事实,"知识点：上下文选择、压缩、排序与引用封装
主题：压缩不改写事实
抽取式压缩优先保留原句、条件和来源位置；生成式摘要需标记为派生内容并经事实检查。不能为了短而删除例外、否定或单位。
适用边界：关键条件不得因压缩丢失；证据包必须可复现；冲突证据不得静默合并",4,True,1.0,"[""SRC-NIST-AI-RMF""]",A,"[""context packing"", ""context compression"", ""上下文工程""]","[""RAG-M04"", ""RAG-M04-N04"", ""context compression"", ""context packing"", ""上下文工程"", ""压缩不改写事实""]",检索增强与上下文工程 / 上下文选择、压缩、排序与引用封装 / 压缩不改写事实,54b0455e-0db4-5e18-92b9-0a00cdca5613,not_generated
e4efc98c-17e6-592a-86d5-eca667b0a0cd,382852a1-407f-5cb3-910f-79f9e64b28fc,RAG-M04-N04,RAG-M04,上下文选择、压缩、排序与引用封装：顺序与位置,"知识点：上下文选择、压缩、排序与引用封装
主题：顺序与位置
长上下文研究显示模型对相关信息位置可能敏感。工程上可把最关键证据放在显著位置、按子问题分组，并避免在中间堆入大量低价值噪声。
适用边界：关键条件不得因压缩丢失；证据包必须可复现；冲突证据不得静默合并",4,True,1.0,"[""SRC-LOST-MIDDLE-2024""]",B,"[""context packing"", ""context compression"", ""上下文工程""]","[""RAG-M04"", ""RAG-M04-N04"", ""context compression"", ""context packing"", ""上下文工程"", ""顺序与位置""]",检索增强与上下文工程 / 上下文选择、压缩、排序与引用封装 / 顺序与位置,cdee1333-5757-55aa-95f3-74341939879f,not_generated
d810c699-ac4e-5509-b79b-e1ab467823a0,b7d7f4c7-aef7-535b-a226-a6cfbb0300ef,RAG-M04-N04,RAG-M04,上下文选择、压缩、排序与引用封装：证据封装,"知识点：上下文选择、压缩、排序与引用封装
主题：证据封装
每个上下文块应包含evidence_id、标题、来源、版本、位置和正文。生成结果中的关键陈述必须引用这些ID，审核器再验证引用是否真正支持该陈述。
适用边界：关键条件不得因压缩丢失；证据包必须可复现；冲突证据不得静默合并",4,True,1.0,"[""SRC-COMPETITION-XH-202630"", ""SRC-RAGAS-2023""]",A,"[""context packing"", ""context compression"", ""上下文工程""]","[""RAG-M04"", ""RAG-M04-N04"", ""context compression"", ""context packing"", ""上下文工程"", ""证据封装""]",检索增强与上下文工程 / 上下文选择、压缩、排序与引用封装 / 证据封装,fd744596-fc72-5635-8f37-23720c23ce92,not_generated
220a8d5d-8daf-5d38-a7cc-35177bb63d6b,5a8c0f89-8b27-5101-ae21-3040ab75bbc2,RAG-M05-N01,RAG-M05,证据约束生成、引用与答案结构：生成契约,"知识点：证据约束生成、引用与答案结构
主题：生成契约
生成器输入应包含目标学习者、知识节点、难度、资源形态、证据包和禁止项；输出应使用固定Schema，分别承载正文、关键点、代码、引用、置信度和缺失证据。
适用边界：无证据的专业陈述不得发布；类比必须标记其边界；输出先过Schema再进入事实审核",2,True,1.0,"[""SRC-COMPETITION-XH-202630"", ""SRC-OPENAPI-31""]",A,"[""grounded generation"", ""faithful generation"", ""证据约束回答""]","[""RAG-M05"", ""RAG-M05-N01"", ""faithful generation"", ""grounded generation"", ""生成契约"", ""证据约束回答""]",可信生成与安全控制 / 证据约束生成、引用与答案结构 / 生成契约,0b6f6363-4597-56c2-8e14-a9f52d5b19b3,not_generated
d20a52a8-f272-53be-998b-a39463f76359,09f16411-041b-5ae5-bb68-b3f3c8583d6c,RAG-M05-N01,RAG-M05,证据约束生成、引用与答案结构：陈述级证据绑定,"知识点：证据约束生成、引用与答案结构
主题：陈述级证据绑定
仅在文章末尾列来源不足以证明每个结论。关键定义、步骤、参数和风险说明应能映射到一个或多个evidence_id，审核器逐项检查支持关系。
适用边界：无证据的专业陈述不得发布；类比必须标记其边界；输出先过Schema再进入事实审核",2,True,1.0,"[""SRC-RAGAS-2023""]",B,"[""grounded generation"", ""faithful generation"", ""证据约束回答""]","[""RAG-M05"", ""RAG-M05-N01"", ""faithful generation"", ""grounded generation"", ""证据约束回答"", ""陈述级证据绑定""]",可信生成与安全控制 / 证据约束生成、引用与答案结构 / 陈述级证据绑定,404b88a9-db42-5267-a5d5-3a4d314c625e,not_generated
3396f72a-4b12-518a-8fb4-0c04449450d1,621966e1-03ad-5c30-bf27-683c4ace0ac7,RAG-M05-N01,RAG-M05,证据约束生成、引用与答案结构：事实与教学转换,"知识点：证据约束生成、引用与答案结构
主题：事实与教学转换
个性化可以改变解释方式、例子、顺序和练习难度，但不能改变专业事实。系统应区分来源支持的事实、基于事实的教学重组和模型推断，避免把类比当作严格定义。
适用边界：无证据的专业陈述不得发布；类比必须标记其边界；输出先过Schema再进入事实审核",2,True,1.0,"[""SRC-COMPETITION-XH-202630""]",A,"[""grounded generation"", ""faithful generation"", ""证据约束回答""]","[""RAG-M05"", ""RAG-M05-N01"", ""faithful generation"", ""grounded generation"", ""事实与教学转换"", ""证据约束回答""]",可信生成与安全控制 / 证据约束生成、引用与答案结构 / 事实与教学转换,a5c77d5b-ac67-553b-9fef-1a55187876bd,not_generated
e7ff518a-4676-5b49-b2e3-fa8788bc6613,9740184c-c0fc-50fe-9086-8aee85a60791,RAG-M05-N01,RAG-M05,证据约束生成、引用与答案结构：结构化输出,"知识点：证据约束生成、引用与答案结构
主题：结构化输出
JSON Schema能减少字段缺失和类型错误，但不能保证事实正确。应同时进行Schema校验、引用检查、事实一致性检查和难度适配检查。
适用边界：无证据的专业陈述不得发布；类比必须标记其边界；输出先过Schema再进入事实审核",2,True,1.0,"[""SRC-OPENAPI-31"", ""SRC-NIST-AI-RMF""]",A,"[""grounded generation"", ""faithful generation"", ""证据约束回答""]","[""RAG-M05"", ""RAG-M05-N01"", ""faithful generation"", ""grounded generation"", ""结构化输出"", ""证据约束回答""]",可信生成与安全控制 / 证据约束生成、引用与答案结构 / 结构化输出,8d4f1825-e8a1-53eb-bcab-36fa2e092b42,not_generated
b5cfe49a-0d3c-56b4-a74c-e611c4ee4002,af19c081-bf31-5030-801c-104069fdfa03,RAG-M05-N02,RAG-M05,证据不足、拒答、追问与人工转交：证据充分性,"知识点：证据不足、拒答、追问与人工转交
主题：证据充分性
证据是否充分不仅看相似度，还要看是否覆盖问题中的关键实体、时间、条件和结论，来源是否可信，是否存在相互冲突，以及答案是否需要知识库外推断。
适用边界：高风险无证据必须拒答或转人工；拒答不得暴露受限资料；每次拒答记录原因代码",2,True,1.0,"[""SRC-RAGAS-2023"", ""SRC-NIST-AI-RMF""]",A,"[""abstention"", ""refusal"", ""insufficient evidence"", ""拒答策略""]","[""RAG-M05"", ""RAG-M05-N02"", ""abstention"", ""insufficient evidence"", ""refusal"", ""拒答策略"", ""证据充分性""]",可信生成与安全控制 / 证据不足、拒答、追问与人工转交 / 证据充分性,4fe216f2-48b8-557c-a78b-f7b54a7bafc6,not_generated
c6e63302-562b-51a7-810c-b69556647b42,c56bbccd-b251-5073-b1ff-750e44f7463d,RAG-M05-N02,RAG-M05,证据不足、拒答、追问与人工转交：四种动作,"知识点：证据不足、拒答、追问与人工转交
主题：四种动作
可选择重新检索、向用户追问、明确拒答或转人工。模糊问题优先追问；可通过新检索计划补足的进入重试；高风险或冲突问题转人工；知识库外问题明确说明范围。
适用边界：高风险无证据必须拒答或转人工；拒答不得暴露受限资料；每次拒答记录原因代码",2,True,1.0,"[""SRC-NIST-AI-RMF""]",A,"[""abstention"", ""refusal"", ""insufficient evidence"", ""拒答策略""]","[""RAG-M05"", ""RAG-M05-N02"", ""abstention"", ""insufficient evidence"", ""refusal"", ""四种动作"", ""拒答策略""]",可信生成与安全控制 / 证据不足、拒答、追问与人工转交 / 四种动作,75d0320a-d737-55d4-9198-7e67eeda8e2f,not_generated
d980ca1d-39af-5c30-b047-a354c7f46378,29ed0fa1-79e7-50dc-8ee3-6758da64fb0f,RAG-M05-N02,RAG-M05,证据不足、拒答、追问与人工转交：拒答内容,"知识点：证据不足、拒答、追问与人工转交
主题：拒答内容
高质量拒答应说明缺少什么证据、系统已检查的范围和用户可提供的信息，但不能泄露权限外资料，也不能编造一个貌似有用的答案。
适用边界：高风险无证据必须拒答或转人工；拒答不得暴露受限资料；每次拒答记录原因代码",2,True,1.0,"[""SRC-OWASP-PROMPT-INJECTION"", ""SRC-NIST-AI-RMF""]",A,"[""abstention"", ""refusal"", ""insufficient evidence"", ""拒答策略""]","[""RAG-M05"", ""RAG-M05-N02"", ""abstention"", ""insufficient evidence"", ""refusal"", ""拒答内容"", ""拒答策略""]",可信生成与安全控制 / 证据不足、拒答、追问与人工转交 / 拒答内容,18cffb4a-a076-5990-9a02-11c912c803b1,not_generated
55f4fc0d-6bd7-54a0-8371-d90b1fc2a83f,a765ce4c-c074-57e5-bfab-cceb6b9ca895,RAG-M05-N02,RAG-M05,证据不足、拒答、追问与人工转交：拒答评测,"知识点：证据不足、拒答、追问与人工转交
主题：拒答评测
评测集必须同时包含应回答和应拒答的问题，测量正确拒答率、错误拒答率和越权泄露率。只提高拒答率会损害可用性，因此需要平衡。
适用边界：高风险无证据必须拒答或转人工；拒答不得暴露受限资料；每次拒答记录原因代码",2,True,1.0,"[""SRC-RAGAS-2023""]",B,"[""abstention"", ""refusal"", ""insufficient evidence"", ""拒答策略""]","[""RAG-M05"", ""RAG-M05-N02"", ""abstention"", ""insufficient evidence"", ""refusal"", ""拒答策略"", ""拒答评测""]",可信生成与安全控制 / 证据不足、拒答、追问与人工转交 / 拒答评测,8c507b71-435f-5a63-82c1-e6682d5bc8b5,not_generated
a094a244-18a0-5a59-a68b-cfc812a87067,d2eaf759-6ded-5884-918f-e0e4e66766ba,RAG-M05-N03,RAG-M05,幻觉分类、事实审核与交叉验证：错误分类,"知识点：幻觉分类、事实审核与交叉验证
主题：错误分类
常见类型包括：证据中不存在的事实、与证据相反的陈述、把局部条件泛化、引用与陈述无关、数字单位错误、代码与解释不一致，以及把不确定推断写成确定结论。
适用边界：审核不得只使用生成器摘要；阻断级问题禁止自动发布；谬误率必须使用固定口径",3,True,1.0,"[""SRC-RAGAS-2023"", ""SRC-NIST-AI-RMF""]",A,"[""hallucination audit"", ""事实一致性"", ""内容审核""]","[""RAG-M05"", ""RAG-M05-N03"", ""hallucination audit"", ""事实一致性"", ""内容审核"", ""错误分类""]",可信生成与安全控制 / 幻觉分类、事实审核与交叉验证 / 错误分类,47baec0f-fbd9-5896-a7b3-5bb025fa68ce,not_generated
da4f5f84-c14f-5c86-9883-8a014ec5d7d6,370b0b20-3e5b-5db5-bf19-622c6c4717e1,RAG-M05-N03,RAG-M05,幻觉分类、事实审核与交叉验证：独立审核上下文,"知识点：幻觉分类、事实审核与交叉验证
主题：独立审核上下文
审核器应重新读取原始证据和生成结果，而不是只依赖生成器的自评。它可以使用不同Prompt、规则或模型，并输出检查项、问题位置、严重度和修复动作。
适用边界：审核不得只使用生成器摘要；阻断级问题禁止自动发布；谬误率必须使用固定口径",3,True,1.0,"[""SRC-COMPETITION-XH-202630""]",A,"[""hallucination audit"", ""事实一致性"", ""内容审核""]","[""RAG-M05"", ""RAG-M05-N03"", ""hallucination audit"", ""事实一致性"", ""内容审核"", ""独立审核上下文""]",可信生成与安全控制 / 幻觉分类、事实审核与交叉验证 / 独立审核上下文,ecf4a137-5c95-5168-9cd9-5f8ffe9a25da,not_generated
12ff3216-5c69-5c52-ac4a-0264f3e438d5,16963fcf-b840-5d52-a6aa-faa7ce33f419,RAG-M05-N03,RAG-M05,幻觉分类、事实审核与交叉验证：交叉验证,"知识点：幻觉分类、事实审核与交叉验证
主题：交叉验证
对高风险结论，可让事实核验、难度适配和代码验证分别给出结果，再由审核或仲裁节点综合。多智能体价值在于不同职责和证据，而不是多个角色重复赞同。
适用边界：审核不得只使用生成器摘要；阻断级问题禁止自动发布；谬误率必须使用固定口径",3,True,1.0,"[""SRC-COMPETITION-XH-202630""]",A,"[""hallucination audit"", ""事实一致性"", ""内容审核""]","[""RAG-M05"", ""RAG-M05-N03"", ""hallucination audit"", ""事实一致性"", ""交叉验证"", ""内容审核""]",可信生成与安全控制 / 幻觉分类、事实审核与交叉验证 / 交叉验证,8b091b0c-1ffa-52de-8074-7600bb4749b6,not_generated
5b24af88-6a20-5d05-bc86-c6d2c8b652a6,ce4b5efc-3fd0-513c-a7bc-8c51b0a5f37b,RAG-M05-N03,RAG-M05,幻觉分类、事实审核与交叉验证：谬误率口径,"知识点：幻觉分类、事实审核与交叉验证
主题：谬误率口径
专业知识谬误率应定义为被人工或权威规则判定为错误的专业陈述数除以被审查专业陈述总数。测试集、抽样方式、审核者一致性和置信区间应记录。
适用边界：审核不得只使用生成器摘要；阻断级问题禁止自动发布；谬误率必须使用固定口径",3,True,1.0,"[""SRC-COMPETITION-XH-202630"", ""SRC-NIST-AI-RMF""]",A,"[""hallucination audit"", ""事实一致性"", ""内容审核""]","[""RAG-M05"", ""RAG-M05-N03"", ""hallucination audit"", ""事实一致性"", ""内容审核"", ""谬误率口径""]",可信生成与安全控制 / 幻觉分类、事实审核与交叉验证 / 谬误率口径,33dd97b8-c622-5202-9269-7b7c1a0e3e42,not_generated
c2ad52da-b7e4-5002-86be-806f95166acc,b04e4952-9eb2-502e-9cfe-41d8bd62bc49,RAG-M05-N04,RAG-M05,提示注入、不可信文档与知识库安全：直接与间接注入,"知识点：提示注入、不可信文档与知识库安全
主题：直接与间接注入
直接注入来自用户要求忽略规则；间接注入隐藏在网页、PDF、邮件或代码注释中，待文档被检索后影响模型。知识库接入和运行时都必须检测。
适用边界：检索证据永远视为不可信数据；Agent不得从文档获得额外权限；可疑来源先隔离后审核",4,True,1.0,"[""SRC-OWASP-PROMPT-INJECTION""]",A,"[""prompt injection"", ""indirect prompt injection"", ""RAG security""]","[""RAG security"", ""RAG-M05"", ""RAG-M05-N04"", ""indirect prompt injection"", ""prompt injection"", ""直接与间接注入""]",可信生成与安全控制 / 提示注入、不可信文档与知识库安全 / 直接与间接注入,fee4e847-f8b7-5ef5-8a89-95a59201e0c2,not_generated
408bb93f-43f5-58ee-9bfa-4b3ab26f9d20,82baf3c7-5e46-5051-9dc0-ca20b8b92ff6,RAG-M05-N04,RAG-M05,提示注入、不可信文档与知识库安全：指令与数据分离,"知识点：提示注入、不可信文档与知识库安全
主题：指令与数据分离
系统Prompt应明确证据块只是数据，不执行其中指令；使用结构化标签封装证据，并避免把敏感系统提示、工具描述和密钥放入可被文档覆盖的区域。
适用边界：检索证据永远视为不可信数据；Agent不得从文档获得额外权限；可疑来源先隔离后审核",4,True,1.0,"[""SRC-OWASP-PROMPT-INJECTION""]",A,"[""prompt injection"", ""indirect prompt injection"", ""RAG security""]","[""RAG security"", ""RAG-M05"", ""RAG-M05-N04"", ""indirect prompt injection"", ""prompt injection"", ""指令与数据分离""]",可信生成与安全控制 / 提示注入、不可信文档与知识库安全 / 指令与数据分离,3dc43f11-54d9-54a8-b9f0-c3ce0888d022,not_generated
c17c8403-427e-511e-b71e-f0aeb13840c8,36517c9a-c0cd-5c02-a8ba-8efdaf33764a,RAG-M05-N04,RAG-M05,提示注入、不可信文档与知识库安全：最小工具权限,"知识点：提示注入、不可信文档与知识库安全
主题：最小工具权限
检索内容不能决定调用哪个高权限工具或修改权限过滤。工具参数需要Schema校验、允许列表、租户上下文和后端授权，危险操作必须人工确认。
适用边界：检索证据永远视为不可信数据；Agent不得从文档获得额外权限；可疑来源先隔离后审核",4,True,1.0,"[""SRC-OWASP-PROMPT-INJECTION"", ""SRC-NIST-AI-RMF""]",A,"[""prompt injection"", ""indirect prompt injection"", ""RAG security""]","[""RAG security"", ""RAG-M05"", ""RAG-M05-N04"", ""indirect prompt injection"", ""prompt injection"", ""最小工具权限""]",可信生成与安全控制 / 提示注入、不可信文档与知识库安全 / 最小工具权限,27b4ec50-8c99-52c2-9c80-1d17d9601b52,not_generated
58edf566-3ea1-50e3-878a-13e47ee43e67,56475a80-f5aa-571b-96a9-5cf4a4a59630,RAG-M05-N04,RAG-M05,提示注入、不可信文档与知识库安全：多层检测与响应,"知识点：提示注入、不可信文档与知识库安全
主题：多层检测与响应
接入阶段扫描可疑指令和脚本；检索阶段过滤来源；生成阶段限制行为；输出阶段检测泄露和越权；事件进入审计日志。无法确认的高风险内容隔离而非自动发布。
适用边界：检索证据永远视为不可信数据；Agent不得从文档获得额外权限；可疑来源先隔离后审核",4,True,1.0,"[""SRC-OWASP-PROMPT-INJECTION"", ""SRC-NIST-AI-RMF""]",A,"[""prompt injection"", ""indirect prompt injection"", ""RAG security""]","[""RAG security"", ""RAG-M05"", ""RAG-M05-N04"", ""indirect prompt injection"", ""prompt injection"", ""多层检测与响应""]",可信生成与安全控制 / 提示注入、不可信文档与知识库安全 / 多层检测与响应,6e894bd3-1308-5347-b6c4-b22f4079d123,not_generated
ca96e49a-8b39-542b-bdd9-d6c9119c43cf,adffd192-5ddc-5a39-b49e-54daa48cbee2,RAG-M06-N01,RAG-M06,检索评测：Hit Rate、Recall、MRR与nDCG：评测单元,"知识点：检索评测：Hit Rate、Recall、MRR与nDCG
主题：评测单元
每个案例至少包含query、预期知识节点或证据、查询类型、权限上下文和可选的多级相关性标签。测试集要与开发样例隔离，并记录标注依据。
适用边界：测试集需固定版本；标注需保留依据；发布报告必须包含分类型指标",2,True,1.0,"[""SRC-RAGAS-2023""]",B,"[""retrieval evaluation"", ""Recall@k"", ""MRR"", ""nDCG""]","[""MRR"", ""RAG-M06"", ""RAG-M06-N01"", ""Recall@k"", ""nDCG"", ""retrieval evaluation"", ""评测单元""]",评测、观测与持续改进 / 检索评测：Hit Rate、Recall、MRR与nDCG / 评测单元,b787d771-7e3f-5b1e-b341-092daab73874,not_generated
07483be6-17c2-5e51-92e9-cac2ffa66f7c,b5f3a63c-bf7f-5ec5-bc9a-017bdbad9ed8,RAG-M06-N01,RAG-M06,检索评测：Hit Rate、Recall、MRR与nDCG：Hit与Recall,"知识点：检索评测：Hit Rate、Recall、MRR与nDCG
主题：Hit与Recall
Hit@k只判断top-k是否至少出现一个相关结果；Recall@k衡量相关结果被覆盖的比例。多证据问题只看Hit可能掩盖关键证据缺失。
适用边界：测试集需固定版本；标注需保留依据；发布报告必须包含分类型指标",2,True,1.0,"[""SRC-RAGAS-2023""]",B,"[""retrieval evaluation"", ""Recall@k"", ""MRR"", ""nDCG""]","[""Hit与Recall"", ""MRR"", ""RAG-M06"", ""RAG-M06-N01"", ""Recall@k"", ""nDCG"", ""retrieval evaluation""]",评测、观测与持续改进 / 检索评测：Hit Rate、Recall、MRR与nDCG / Hit与Recall,0696e3a0-e535-5e3e-9c80-321d232d3414,not_generated
7ad72f87-9999-5750-984b-061b75ef4885,c3f82abd-e2ee-5035-9af9-47b1efad9b83,RAG-M06-N01,RAG-M06,检索评测：Hit Rate、Recall、MRR与nDCG：MRR与nDCG,"知识点：检索评测：Hit Rate、Recall、MRR与nDCG
主题：MRR与nDCG
MRR关注首个相关结果的倒数排名，适合单一主要证据；nDCG可处理多个结果和不同相关等级，更适合评估排序整体质量。
适用边界：测试集需固定版本；标注需保留依据；发布报告必须包含分类型指标",2,True,1.0,"[""SRC-RAGAS-2023""]",B,"[""retrieval evaluation"", ""Recall@k"", ""MRR"", ""nDCG""]","[""MRR"", ""MRR与nDCG"", ""RAG-M06"", ""RAG-M06-N01"", ""Recall@k"", ""nDCG"", ""retrieval evaluation""]",评测、观测与持续改进 / 检索评测：Hit Rate、Recall、MRR与nDCG / MRR与nDCG,3934556d-193e-5717-8000-87af5de3b6e5,not_generated
eb13f71b-5528-5ee9-bd2c-79530a94fd4f,4664f323-58f4-55a0-8727-58b743ad4ea0,RAG-M06-N01,RAG-M06,检索评测：Hit Rate、Recall、MRR与nDCG：分层分析,"知识点：检索评测：Hit Rate、Recall、MRR与nDCG
主题：分层分析
总平均值之外应按定义、精确术语、比较、步骤、多跳、中文缩写和安全问题分组。系统可能总体达标但在某个关键类别严重失败。
适用边界：测试集需固定版本；标注需保留依据；发布报告必须包含分类型指标",2,True,1.0,"[""SRC-NIST-AI-RMF""]",A,"[""retrieval evaluation"", ""Recall@k"", ""MRR"", ""nDCG""]","[""MRR"", ""RAG-M06"", ""RAG-M06-N01"", ""Recall@k"", ""nDCG"", ""retrieval evaluation"", ""分层分析""]",评测、观测与持续改进 / 检索评测：Hit Rate、Recall、MRR与nDCG / 分层分析,a597fbc8-eae4-51d2-ade5-2c589972f108,not_generated
e39d4fbd-9342-5c9b-ac1a-f250d4265a55,03235f85-f938-56aa-b0ff-4bc1532ba277,RAG-M06-N02,RAG-M06,生成评测：忠实度、引用、完整性与适配：忠实度,"知识点：生成评测：忠实度、引用、完整性与适配
主题：忠实度
把输出拆为原子专业陈述，逐项判断是否得到提供证据支持。忠实度关注“是否依据上下文”，不等同于世界知识上的绝对正确。
适用边界：专业谬误率需人工或权威规则确认；自动评审Prompt和模型要版本化；适配评测必须覆盖多类画像",3,True,1.0,"[""SRC-RAGAS-2023""]",B,"[""generation evaluation"", ""faithfulness"", ""citation correctness"", ""难度适配""]","[""RAG-M06"", ""RAG-M06-N02"", ""citation correctness"", ""faithfulness"", ""generation evaluation"", ""忠实度"", ""难度适配""]",评测、观测与持续改进 / 生成评测：忠实度、引用、完整性与适配 / 忠实度,35d635ec-724a-580b-ab5a-0c0836240757,not_generated
925c9f04-1e38-5636-baa1-a772e44e7687,1d95d51a-ea33-537f-b172-a64a41a50afe,RAG-M06-N02,RAG-M06,生成评测：忠实度、引用、完整性与适配：引用正确与完整,"知识点：生成评测：忠实度、引用、完整性与适配
主题：引用正确与完整
引用正确率衡量引用是否真正支持对应陈述；引用完整率衡量应引用的关键陈述是否都提供了来源。仅有很多引用不代表引用质量高。
适用边界：专业谬误率需人工或权威规则确认；自动评审Prompt和模型要版本化；适配评测必须覆盖多类画像",3,True,1.0,"[""SRC-RAGAS-2023""]",B,"[""generation evaluation"", ""faithfulness"", ""citation correctness"", ""难度适配""]","[""RAG-M06"", ""RAG-M06-N02"", ""citation correctness"", ""faithfulness"", ""generation evaluation"", ""引用正确与完整"", ""难度适配""]",评测、观测与持续改进 / 生成评测：忠实度、引用、完整性与适配 / 引用正确与完整,ab28a6da-0158-5133-b64e-85dca705d653,not_generated
0f8b361f-7fc2-55eb-866d-2ed75fd09776,5df563d9-8637-503b-8c51-890b1420fda8,RAG-M06-N02,RAG-M06,生成评测：忠实度、引用、完整性与适配：答案完整与任务符合,"知识点：生成评测：忠实度、引用、完整性与适配
主题：答案完整与任务符合
资源需覆盖指定知识点、实操步骤和边界，且遵守输出格式。可用参考要点、Rubric和关键概念覆盖率进行检查。
适用边界：专业谬误率需人工或权威规则确认；自动评审Prompt和模型要版本化；适配评测必须覆盖多类画像",3,True,1.0,"[""SRC-COMPETITION-XH-202630""]",A,"[""generation evaluation"", ""faithfulness"", ""citation correctness"", ""难度适配""]","[""RAG-M06"", ""RAG-M06-N02"", ""citation correctness"", ""faithfulness"", ""generation evaluation"", ""答案完整与任务符合"", ""难度适配""]",评测、观测与持续改进 / 生成评测：忠实度、引用、完整性与适配 / 答案完整与任务符合,5b0da5b9-142d-5fce-bf89-1d925f847d9d,not_generated
24949152-3f96-5159-ac09-52fd294ebf07,6424993c-4943-51fa-963a-7e9abafc2354,RAG-M06-N02,RAG-M06,生成评测：忠实度、引用、完整性与适配：难度适配,"知识点：生成评测：忠实度、引用、完整性与适配
主题：难度适配
难度适配需要人工标注或规则基准：概念密度、前置知识、代码复杂度、任务开放度和提示程度应与画像一致。适配准确率不能只由生成模型自评。
适用边界：专业谬误率需人工或权威规则确认；自动评审Prompt和模型要版本化；适配评测必须覆盖多类画像",3,True,1.0,"[""SRC-COMPETITION-XH-202630"", ""SRC-NIST-AI-RMF""]",A,"[""generation evaluation"", ""faithfulness"", ""citation correctness"", ""难度适配""]","[""RAG-M06"", ""RAG-M06-N02"", ""citation correctness"", ""faithfulness"", ""generation evaluation"", ""难度适配""]",评测、观测与持续改进 / 生成评测：忠实度、引用、完整性与适配 / 难度适配,1ca43f03-e745-57e7-96ee-596fbaf13b16,not_generated
c8661257-8590-575f-bc4f-19245ec597ae,e8b6e6b1-8456-52aa-ab72-cb0f6a40cf88,RAG-M06-N03,RAG-M06,端到端回归、消融实验与发布门禁：版本回归范围,"知识点：端到端回归、消融实验与发布门禁
主题：版本回归范围
回归对象包括知识覆盖、ID与引用完整性、检索指标、生成忠实度、拒答、安全、时延、成本和关键用户流程。结果绑定知识库、模型、Prompt和代码版本。
适用边界：回归数据集不可随意删除失败案例；阻断门禁需负责人批准变更；报告必须保留基线版本",3,True,1.0,"[""SRC-NIST-AI-RMF""]",A,"[""RAG regression"", ""ablation study"", ""quality gate""]","[""RAG regression"", ""RAG-M06"", ""RAG-M06-N03"", ""ablation study"", ""quality gate"", ""版本回归范围""]",评测、观测与持续改进 / 端到端回归、消融实验与发布门禁 / 版本回归范围,2713c3b3-8404-5ef3-9911-af6406f7ef8f,not_generated
ab3e0e77-7ed8-52eb-8573-286e2a14542a,50735323-f303-5a3e-8a00-d9daade93e7f,RAG-M06-N03,RAG-M06,端到端回归、消融实验与发布门禁：消融实验,"知识点：端到端回归、消融实验与发布门禁
主题：消融实验
分别关闭混合检索、重排、上下文压缩、审核或个性化策略，比较指标变化，才能证明组件贡献。只展示最终系统得分无法说明创新来自哪里。
适用边界：回归数据集不可随意删除失败案例；阻断门禁需负责人批准变更；报告必须保留基线版本",3,True,1.0,"[""SRC-RAGAS-2023"", ""SRC-COMPETITION-XH-202630""]",A,"[""RAG regression"", ""ablation study"", ""quality gate""]","[""RAG regression"", ""RAG-M06"", ""RAG-M06-N03"", ""ablation study"", ""quality gate"", ""消融实验""]",评测、观测与持续改进 / 端到端回归、消融实验与发布门禁 / 消融实验,328286ac-5249-5d2e-a892-a39d567676dd,not_generated
93993578-c929-566c-8c90-6731c1449f36,4e94d552-1552-5c99-9560-33aff792912d,RAG-M06-N03,RAG-M06,端到端回归、消融实验与发布门禁：门禁与容差,"知识点：端到端回归、消融实验与发布门禁
主题：门禁与容差
门禁应包含绝对阈值和相对退化阈值，例如核心Hit@5不得低于目标且不得比当前生产版下降超过一定比例。阻断项失败不能由平均分抵消。
适用边界：回归数据集不可随意删除失败案例；阻断门禁需负责人批准变更；报告必须保留基线版本",3,True,1.0,"[""SRC-NIST-AI-RMF""]",A,"[""RAG regression"", ""ablation study"", ""quality gate""]","[""RAG regression"", ""RAG-M06"", ""RAG-M06-N03"", ""ablation study"", ""quality gate"", ""门禁与容差""]",评测、观测与持续改进 / 端到端回归、消融实验与发布门禁 / 门禁与容差,346d78b1-53c6-5bfa-9895-40b873a4d17a,not_generated
214f5733-f2d9-58ab-af28-e9e2ccb575d7,025bbb14-294e-56d7-8d1d-26b3906bec88,RAG-M06-N03,RAG-M06,端到端回归、消融实验与发布门禁：失败案例资产化,"知识点：端到端回归、消融实验与发布门禁
主题：失败案例资产化
每个线上或测试失败都转化为可复现案例，标注根因属于来源、解析、切片、检索、生成、审核还是权限。修复后加入长期回归集。
适用边界：回归数据集不可随意删除失败案例；阻断门禁需负责人批准变更；报告必须保留基线版本",3,True,1.0,"[""SRC-NIST-AI-RMF""]",A,"[""RAG regression"", ""ablation study"", ""quality gate""]","[""RAG regression"", ""RAG-M06"", ""RAG-M06-N03"", ""ablation study"", ""quality gate"", ""失败案例资产化""]",评测、观测与持续改进 / 端到端回归、消融实验与发布门禁 / 失败案例资产化,6ebb507d-c801-518a-a581-4e9b502202c5,not_generated
d06852e0-4852-5f69-aede-10d0f45514e2,f7a56088-095a-51e7-85ad-8b2fe9133c6f,RAG-M06-N04,RAG-M06,可观测性、成本、时延与故障定位：关联标识,"知识点：可观测性、成本、时延与故障定位
主题：关联标识
每次用户请求至少贯穿correlation_id、session_id、decision_cycle_id、agent_run_id、retrieval_request_id和knowledge_base_version_id。事件需要sequence和causation_id以恢复真实顺序。
适用边界：前端状态必须来自后端事件；敏感正文不进入普通日志；指标需绑定明确版本",4,True,0.95,"[""SRC-NIST-AI-RMF""]",A,"[""RAG observability"", ""tracing"", ""cost monitoring""]","[""RAG observability"", ""RAG-M06"", ""RAG-M06-N04"", ""cost monitoring"", ""tracing"", ""关联标识""]",评测、观测与持续改进 / 可观测性、成本、时延与故障定位 / 关联标识,6f9711df-f170-500d-bbf8-6f0c0402bbb5,not_generated
9dfdd002-2ffc-5d97-840b-d4115ff502ef,620c5f33-f3ff-5aea-8bed-876495e857a4,RAG-M06-N04,RAG-M06,可观测性、成本、时延与故障定位：时延分解,"知识点：可观测性、成本、时延与故障定位
主题：时延分解
分别记录查询处理、稀疏召回、向量召回、重排、上下文构建、模型生成、审核和数据库写入的P50/P95/P99。只看总耗时无法找到瓶颈。
适用边界：前端状态必须来自后端事件；敏感正文不进入普通日志；指标需绑定明确版本",4,True,0.95,"[""SRC-NIST-AI-RMF""]",A,"[""RAG observability"", ""tracing"", ""cost monitoring""]","[""RAG observability"", ""RAG-M06"", ""RAG-M06-N04"", ""cost monitoring"", ""tracing"", ""时延分解""]",评测、观测与持续改进 / 可观测性、成本、时延与故障定位 / 时延分解,7e5c3c98-7bc0-5f1a-b2ab-f64b6e67b7cb,not_generated
49804f32-ac76-527a-ab2b-4c8ca7e9735f,b3f5a569-1ddd-5d60-9ab1-62aa03ffc24b,RAG-M06-N04,RAG-M06,可观测性、成本、时延与故障定位：成本归因,"知识点：可观测性、成本、时延与故障定位
主题：成本归因
记录输入输出token、嵌入调用、重排调用、模型重试和缓存命中，按工作流、学习者和资源类型聚合。成本指标应与质量指标共同展示，避免只追求低成本。
适用边界：前端状态必须来自后端事件；敏感正文不进入普通日志；指标需绑定明确版本",4,True,0.95,"[""SRC-NIST-AI-RMF""]",A,"[""RAG observability"", ""tracing"", ""cost monitoring""]","[""RAG observability"", ""RAG-M06"", ""RAG-M06-N04"", ""cost monitoring"", ""tracing"", ""成本归因""]",评测、观测与持续改进 / 可观测性、成本、时延与故障定位 / 成本归因,612cc104-f6f8-5ca0-9723-4a2396e8dd68,not_generated
3fe13e03-6450-5210-8e33-bc9bba64a7c9,9f9cf91f-b805-56c0-ae09-037cfe9a2ece,RAG-M06-N04,RAG-M06,可观测性、成本、时延与故障定位：事件与回放,"知识点：可观测性、成本、时延与故障定位
主题：事件与回放
权威事件写入持久化存储，前端通过SSE查看实时状态。回放使用同一事件序列重建流程，不依赖前端动画；敏感输入在日志中做脱敏或引用存储。
适用边界：前端状态必须来自后端事件；敏感正文不进入普通日志；指标需绑定明确版本",4,True,0.95,"[""SRC-NIST-AI-RMF""]",A,"[""RAG observability"", ""tracing"", ""cost monitoring""]","[""RAG observability"", ""RAG-M06"", ""RAG-M06-N04"", ""cost monitoring"", ""tracing"", ""事件与回放""]",评测、观测与持续改进 / 可观测性、成本、时延与故障定位 / 事件与回放,f65a3f97-c74b-5f49-8293-8588f1d2f01b,not_generated
f0742f62-c9f4-5f8a-999d-ec0dd6dad892,8a6d4207-0b73-570f-88a9-0a286da9db8d,RAG-M07-N01,RAG-M07,父子检索、层级检索与长文档问答：层级节点,"知识点：父子检索、层级检索与长文档问答
主题：层级节点
同一文档可以递归拆成章节、段落和句群等多层节点。节点列表虽然可平面存储，但必须保留PARENT、CHILD、PREVIOUS和NEXT关系。
适用边界：父子关系必须可验证；权限在父子回溯时仍生效；长文档策略需与普通混合检索对比",3,False,0.85,"[""SRC-LLAMAINDEX-HIERARCHY""]",B,"[""parent-child retrieval"", ""hierarchical retrieval"", ""层级RAG""]","[""RAG-M07"", ""RAG-M07-N01"", ""hierarchical retrieval"", ""parent-child retrieval"", ""层级RAG"", ""层级节点""]",高级RAG架构 / 父子检索、层级检索与长文档问答 / 层级节点,a05bc4b0-2294-5eef-82ec-c231c39a5e65,not_generated
5f4eccda-6f09-5765-a474-1fefb35f191c,8662dadf-3f31-5802-8bf9-9a4024d1fda3,RAG-M07-N01,RAG-M07,父子检索、层级检索与长文档问答：小块检索大块返回,"知识点：父子检索、层级检索与长文档问答
主题：小块检索大块返回
查询先匹配信息密度高的叶子节点，再按父关系补回必要章节。这样比直接检索大块更精确，也比只返回小块更完整。
适用边界：父子关系必须可验证；权限在父子回溯时仍生效；长文档策略需与普通混合检索对比",3,False,0.85,"[""SRC-LLAMAINDEX-HIERARCHY""]",B,"[""parent-child retrieval"", ""hierarchical retrieval"", ""层级RAG""]","[""RAG-M07"", ""RAG-M07-N01"", ""hierarchical retrieval"", ""parent-child retrieval"", ""小块检索大块返回"", ""层级RAG""]",高级RAG架构 / 父子检索、层级检索与长文档问答 / 小块检索大块返回,cac9fafd-d6be-5ae9-9945-ad7aadb85762,not_generated
5b4a9cf8-96f5-587c-b7ed-8d27c2f15d0b,5beb2f8c-4908-51ba-b2b5-8020e17bcf3c,RAG-M07-N01,RAG-M07,父子检索、层级检索与长文档问答：合并与预算,"知识点：父子检索、层级检索与长文档问答
主题：合并与预算
多个叶子命中同一父节点时应合并去重；父节点过大时可只取相关窗口。上下文打包仍需遵守token预算和权限过滤。
适用边界：父子关系必须可验证；权限在父子回溯时仍生效；长文档策略需与普通混合检索对比",3,False,0.85,"[""SRC-LOST-MIDDLE-2024""]",B,"[""parent-child retrieval"", ""hierarchical retrieval"", ""层级RAG""]","[""RAG-M07"", ""RAG-M07-N01"", ""hierarchical retrieval"", ""parent-child retrieval"", ""合并与预算"", ""层级RAG""]",高级RAG架构 / 父子检索、层级检索与长文档问答 / 合并与预算,ec679e0c-11cf-58d9-89dd-f2503cb56d98,not_generated
3ea339b4-3da0-57cf-833a-630a5812aac9,38a85343-ee96-5bb6-a36d-102b65702aee,RAG-M07-N01,RAG-M07,父子检索、层级检索与长文档问答：适用边界,"知识点：父子检索、层级检索与长文档问答
主题：适用边界
层级检索适合结构稳定的长文档。对独立FAQ、短事实或跨文档实体关系，普通混合检索或图检索可能更合适。
适用边界：父子关系必须可验证；权限在父子回溯时仍生效；长文档策略需与普通混合检索对比",3,False,0.85,"[""SRC-GRAPHRAG-OFFICIAL"", ""SRC-LLAMAINDEX-HIERARCHY""]",A,"[""parent-child retrieval"", ""hierarchical retrieval"", ""层级RAG""]","[""RAG-M07"", ""RAG-M07-N01"", ""hierarchical retrieval"", ""parent-child retrieval"", ""层级RAG"", ""适用边界""]",高级RAG架构 / 父子检索、层级检索与长文档问答 / 适用边界,cbbd8539-8587-5e39-8c31-0b40754d14a9,not_generated
be0259e4-7475-5cf3-8992-44bf31fc3194,98506802-b517-54d1-830d-4593bd3abca6,RAG-M07-N02,RAG-M07,GraphRAG、实体关系与局部/全局查询：图结构价值,"知识点：GraphRAG、实体关系与局部/全局查询
主题：图结构价值
文本相似度难以直接回答“谁依赖谁”“某故障经过哪些环节传播”等关系问题。图结构显式保存实体和关系，可执行邻域、路径或社区级查询。
适用边界：图边必须有来源证据；全局查询必须设置成本上限；图策略上线前需证明相对基线收益",4,False,0.9,"[""SRC-GRAPHRAG-OFFICIAL""]",A,"[""GraphRAG"", ""knowledge graph RAG"", ""图检索""]","[""GraphRAG"", ""RAG-M07"", ""RAG-M07-N02"", ""knowledge graph RAG"", ""图检索"", ""图结构价值""]",高级RAG架构 / GraphRAG、实体关系与局部/全局查询 / 图结构价值,2838ced2-99e5-5e63-b44f-b7a425e8a316,not_generated
23155317-ab77-509f-8d05-1827f6913a0d,52ab22c2-b150-504d-a10c-3c4d2f8bf0e5,RAG-M07-N02,RAG-M07,GraphRAG、实体关系与局部/全局查询：Local Search,"知识点：GraphRAG、实体关系与局部/全局查询
主题：Local Search
局部查询把与特定实体相关的图数据和原文切片组合，适合围绕具体实体、关系和邻域的问题，并保留到原始文本的证据链。
适用边界：图边必须有来源证据；全局查询必须设置成本上限；图策略上线前需证明相对基线收益",4,False,0.9,"[""SRC-GRAPHRAG-OFFICIAL""]",A,"[""GraphRAG"", ""knowledge graph RAG"", ""图检索""]","[""GraphRAG"", ""Local Search"", ""RAG-M07"", ""RAG-M07-N02"", ""knowledge graph RAG"", ""图检索""]",高级RAG架构 / GraphRAG、实体关系与局部/全局查询 / Local Search,0af810a1-2b72-51fc-8135-e90936becbde,not_generated
23b37e15-2774-5655-87f7-40d8b02fe464,2d40b0bf-895a-5c32-8073-ecf7ecf35403,RAG-M07-N02,RAG-M07,GraphRAG、实体关系与局部/全局查询：Global Search,"知识点：GraphRAG、实体关系与局部/全局查询
主题：Global Search
全局查询基于社区报告等摘要理解整个数据集的主要主题，通常资源消耗更高，适合“总体有哪些主要风险或趋势”等整体性问题。
适用边界：图边必须有来源证据；全局查询必须设置成本上限；图策略上线前需证明相对基线收益",4,False,0.9,"[""SRC-GRAPHRAG-OFFICIAL""]",A,"[""GraphRAG"", ""knowledge graph RAG"", ""图检索""]","[""Global Search"", ""GraphRAG"", ""RAG-M07"", ""RAG-M07-N02"", ""knowledge graph RAG"", ""图检索""]",高级RAG架构 / GraphRAG、实体关系与局部/全局查询 / Global Search,270f8332-af16-5a58-ab5a-84adec3df57c,not_generated
4f834270-c628-5538-b5be-6e105c569db4,34ab589e-3895-5dda-af1f-7ba8ebf76721,RAG-M07-N02,RAG-M07,GraphRAG、实体关系与局部/全局查询：图质量与边界,"知识点：GraphRAG、实体关系与局部/全局查询
主题：图质量与边界
实体归一化、关系方向、时间范围和来源必须可追溯。图抽取错误会被路径查询放大，因此需要抽样审核、冲突处理和与普通混合检索的消融比较。
适用边界：图边必须有来源证据；全局查询必须设置成本上限；图策略上线前需证明相对基线收益",4,False,0.9,"[""SRC-NIST-AI-RMF""]",A,"[""GraphRAG"", ""knowledge graph RAG"", ""图检索""]","[""GraphRAG"", ""RAG-M07"", ""RAG-M07-N02"", ""knowledge graph RAG"", ""图检索"", ""图质量与边界""]",高级RAG架构 / GraphRAG、实体关系与局部/全局查询 / 图质量与边界,c6ea1299-c52d-579f-81b2-5542f91190bc,not_generated
5268db10-a507-532c-86b6-5c2b2ccf2950,48d5743b-bdaa-59ed-9b3c-6afd2a6a238d,RAG-M07-N03,RAG-M07,Agentic RAG、问题分解与检索自修复：计划与工具选择,"知识点：Agentic RAG、问题分解与检索自修复
主题：计划与工具选择
Agent先识别子问题和证据类型，再从混合检索、层级检索、图查询、结构化查询或代码检索中选择工具。工具目录和权限由系统固定，不能由模型自行创造。
适用边界：工具与状态边由代码控制；循环有硬上限；高风险工具必须人工确认",4,False,0.9,"[""SRC-GRAPHRAG-OFFICIAL"", ""SRC-NIST-AI-RMF""]",A,"[""Agentic RAG"", ""adaptive retrieval"", ""multi-step retrieval""]","[""Agentic RAG"", ""RAG-M07"", ""RAG-M07-N03"", ""adaptive retrieval"", ""multi-step retrieval"", ""计划与工具选择""]",高级RAG架构 / Agentic RAG、问题分解与检索自修复 / 计划与工具选择,d6912621-9ae1-5005-9eec-594957c46d46,not_generated
ba8bd2af-5dd6-56b1-a26b-2c3120ae5807,9122166e-62a5-5f90-aa9f-6b701a509ac9,RAG-M07-N03,RAG-M07,Agentic RAG、问题分解与检索自修复：证据检查循环,"知识点：Agentic RAG、问题分解与检索自修复
主题：证据检查循环
每次检索后检查关键子问题是否有足够、可信且不冲突的证据。若不足，可改写查询或切换工具；达到最大步数仍不足则拒答或转人工。
适用边界：工具与状态边由代码控制；循环有硬上限；高风险工具必须人工确认",4,False,0.9,"[""SRC-NIST-AI-RMF""]",A,"[""Agentic RAG"", ""adaptive retrieval"", ""multi-step retrieval""]","[""Agentic RAG"", ""RAG-M07"", ""RAG-M07-N03"", ""adaptive retrieval"", ""multi-step retrieval"", ""证据检查循环""]",高级RAG架构 / Agentic RAG、问题分解与检索自修复 / 证据检查循环,8f261496-7d17-58f7-8cd4-52a05864558a,not_generated
15c79bdf-c5cb-59eb-8486-a1ad5e961848,a06b3a62-37a7-5230-9a9a-f0ca5d15f1e9,RAG-M07-N03,RAG-M07,Agentic RAG、问题分解与检索自修复：确定性边界,"知识点：Agentic RAG、问题分解与检索自修复
主题：确定性边界
状态机应规定允许的节点、边、重试次数、超时和预算。Agent提供计划建议，Runtime验证后执行，避免模型直接控制数据库和高权限工具。
适用边界：工具与状态边由代码控制；循环有硬上限；高风险工具必须人工确认",4,False,0.9,"[""SRC-OWASP-PROMPT-INJECTION"", ""SRC-NIST-AI-RMF""]",A,"[""Agentic RAG"", ""adaptive retrieval"", ""multi-step retrieval""]","[""Agentic RAG"", ""RAG-M07"", ""RAG-M07-N03"", ""adaptive retrieval"", ""multi-step retrieval"", ""确定性边界""]",高级RAG架构 / Agentic RAG、问题分解与检索自修复 / 确定性边界,a3917ea6-7a79-568a-9094-440458229682,not_generated
6a301e99-ed65-518b-970b-52f425e4b19b,6c831bf7-0966-5b49-bcb0-319c51feb9fa,RAG-M07-N03,RAG-M07,Agentic RAG、问题分解与检索自修复：评测与回放,"知识点：Agentic RAG、问题分解与检索自修复
主题：评测与回放
除答案质量外，还要评测平均工具调用数、无效循环率、计划成功率、恢复率、成本和可回放性，并与固定流水线比较。
适用边界：工具与状态边由代码控制；循环有硬上限；高风险工具必须人工确认",4,False,0.9,"[""SRC-NIST-AI-RMF""]",A,"[""Agentic RAG"", ""adaptive retrieval"", ""multi-step retrieval""]","[""Agentic RAG"", ""RAG-M07"", ""RAG-M07-N03"", ""adaptive retrieval"", ""multi-step retrieval"", ""评测与回放""]",高级RAG架构 / Agentic RAG、问题分解与检索自修复 / 评测与回放,2b0c9eb8-19ad-5e58-b17a-4523a002a567,not_generated
1fe1900b-4b76-56c2-891c-347e3b495543,62932873-51ea-5a17-86b5-b386af4b4671,RAG-M07-N04,RAG-M07,结构化、代码与多模态知识路由：结构化知识,"知识点：结构化、代码与多模态知识路由
主题：结构化知识
固定字段、规则清单、指标和关系表优先使用SQL或受控查询，避免模型从文本化表格猜测数值。查询结果需携带表、字段、时间和过滤条件。
适用边界：精确数值优先结构化查询；代码保留符号关系；视觉证据保留原始资产引用",5,False,0.85,"[""SRC-NIST-AI-RMF""]",A,"[""structured RAG"", ""code RAG"", ""multimodal RAG"", ""知识类型路由""]","[""RAG-M07"", ""RAG-M07-N04"", ""code RAG"", ""multimodal RAG"", ""structured RAG"", ""知识类型路由"", ""结构化知识""]",高级RAG架构 / 结构化、代码与多模态知识路由 / 结构化知识,cebb028e-7bf1-5258-8bda-c955dec56c61,not_generated
44908675-1ad6-5693-8383-4957f92d648d,cc8a5bcb-a904-508d-becf-7c11bae4e059,RAG-M07-N04,RAG-M07,结构化、代码与多模态知识路由：代码知识,"知识点：结构化、代码与多模态知识路由
主题：代码知识
代码检索应按仓库、文件、符号、签名、注释和调用关系建立索引。只按固定字符切片可能把函数和依赖拆散，降低解释和修复质量。
适用边界：精确数值优先结构化查询；代码保留符号关系；视觉证据保留原始资产引用",5,False,0.85,"[""SRC-LLAMAINDEX-HIERARCHY""]",B,"[""structured RAG"", ""code RAG"", ""multimodal RAG"", ""知识类型路由""]","[""RAG-M07"", ""RAG-M07-N04"", ""code RAG"", ""multimodal RAG"", ""structured RAG"", ""代码知识"", ""知识类型路由""]",高级RAG架构 / 结构化、代码与多模态知识路由 / 代码知识,d651f5c1-a4af-5ee4-b004-bc825e706ffd,not_generated
eae33691-5fc7-5449-951f-8d71e2bc8c04,08c393ce-e227-59c9-b152-c945db8c3b40,RAG-M07-N04,RAG-M07,结构化、代码与多模态知识路由：多模态知识,"知识点：结构化、代码与多模态知识路由
主题：多模态知识
架构图、流程图和截图可保存原始资产、OCR文本、人工说明和对象位置。生成器引用视觉证据时应给出图号或区域，不能只引用自动描述。
适用边界：精确数值优先结构化查询；代码保留符号关系；视觉证据保留原始资产引用",5,False,0.85,"[""SRC-NIST-AI-RMF""]",A,"[""structured RAG"", ""code RAG"", ""multimodal RAG"", ""知识类型路由""]","[""RAG-M07"", ""RAG-M07-N04"", ""code RAG"", ""multimodal RAG"", ""structured RAG"", ""多模态知识"", ""知识类型路由""]",高级RAG架构 / 结构化、代码与多模态知识路由 / 多模态知识,6a2f3894-808f-5ed6-9a34-82b269379331,not_generated
fe812090-925c-510c-b367-4e0ea880a568,597a13ad-5a95-5959-953b-1121d00ba127,RAG-M07-N04,RAG-M07,结构化、代码与多模态知识路由：路由与融合,"知识点：结构化、代码与多模态知识路由
主题：路由与融合
Knowledge Profile描述内容结构，Query Router根据问题选择一个或多个工具，Evidence Merger统一成证据对象。路由不确定时可并行低成本检索或回退到人工配置。
适用边界：精确数值优先结构化查询；代码保留符号关系；视觉证据保留原始资产引用",5,False,0.85,"[""SRC-GRAPHRAG-OFFICIAL"", ""SRC-NIST-AI-RMF""]",A,"[""structured RAG"", ""code RAG"", ""multimodal RAG"", ""知识类型路由""]","[""RAG-M07"", ""RAG-M07-N04"", ""code RAG"", ""multimodal RAG"", ""structured RAG"", ""知识类型路由"", ""路由与融合""]",高级RAG架构 / 结构化、代码与多模态知识路由 / 路由与融合,b095fdc4-3507-5bf2-804e-84c9b8f9a749,not_generated
4781a8a6-c753-5eb7-bad1-638d07aa23a9,a7da9668-9a0f-5eb3-8d65-1e2f8a3f2cfb,RAG-M08-N01,RAG-M08,知识服务API、契约与Agent集成：检索请求,"知识点：知识服务API、契约与Agent集成
主题：检索请求
请求至少包含retrieval_request_id、knowledge_base_version_id、query_text、top_k和filters。身份与权限过滤由后端生成，Agent不能通过自然语言绕过。
适用边界：浏览器不得直接访问内部检索服务；所有输出先过Schema；破坏性变更需要显式版本",2,True,1.0,"[""SRC-OPENAPI-31"", ""SRC-NIST-AI-RMF""]",A,"[""knowledge API"", ""retrieval service"", ""Agent interface""]","[""Agent interface"", ""RAG-M08"", ""RAG-M08-N01"", ""knowledge API"", ""retrieval service"", ""检索请求""]",API、性能与生产部署 / 知识服务API、契约与Agent集成 / 检索请求,0d111983-8144-59f5-8aba-c8cb85bf1a9d,not_generated
2d2dc7d4-b6fe-52c9-a387-472505493a67,a9903154-d349-5bb0-84f1-96c0c210e11e,RAG-M08-N01,RAG-M08,知识服务API、契约与Agent集成：证据响应,"知识点：知识服务API、契约与Agent集成
主题：证据响应
每个证据对象至少包含evidence_id、chunk_id、document_id、content_excerpt和relevance_score；扩展字段可包含知识节点、来源、位置、排名路径和引用文本。
适用边界：浏览器不得直接访问内部检索服务；所有输出先过Schema；破坏性变更需要显式版本",2,True,1.0,"[""SRC-OPENAPI-31"", ""SRC-COMPETITION-XH-202630""]",A,"[""knowledge API"", ""retrieval service"", ""Agent interface""]","[""Agent interface"", ""RAG-M08"", ""RAG-M08-N01"", ""knowledge API"", ""retrieval service"", ""证据响应""]",API、性能与生产部署 / 知识服务API、契约与Agent集成 / 证据响应,5b4e2db6-b7c3-5648-86cb-4033343ba401,not_generated
3081e3ba-c78f-5597-8ac1-3eca5e5f1bcd,e706b43c-21c6-5e1e-be27-a6d15bf6dca6,RAG-M08-N01,RAG-M08,知识服务API、契约与Agent集成：契约优先,"知识点：知识服务API、契约与Agent集成
主题：契约优先
OpenAPI定义HTTP边界，JSON Schema定义Agent模块输入输出，字段字典统一语义。前端、后端和Agent通过生成类型和契约测试并行开发，而不是靠口头约定。
适用边界：浏览器不得直接访问内部检索服务；所有输出先过Schema；破坏性变更需要显式版本",2,True,1.0,"[""SRC-OPENAPI-31""]",A,"[""knowledge API"", ""retrieval service"", ""Agent interface""]","[""Agent interface"", ""RAG-M08"", ""RAG-M08-N01"", ""knowledge API"", ""retrieval service"", ""契约优先""]",API、性能与生产部署 / 知识服务API、契约与Agent集成 / 契约优先,d5fa4798-4816-5973-bbaf-0c216d594967,not_generated
41eba607-2856-52a2-9366-9493305ecf11,a089978b-f264-5e1f-8ec5-299595c46819,RAG-M08-N01,RAG-M08,知识服务API、契约与Agent集成：兼容与变更,"知识点：知识服务API、契约与Agent集成
主题：兼容与变更
新增可选字段通常可向后兼容，删除、重命名、改变类型或枚举需要版本升级和迁移期。接口变更必须说明所有者、影响模块、Mock和回滚方案。
适用边界：浏览器不得直接访问内部检索服务；所有输出先过Schema；破坏性变更需要显式版本",2,True,1.0,"[""SRC-OPENAPI-31"", ""SRC-NIST-AI-RMF""]",A,"[""knowledge API"", ""retrieval service"", ""Agent interface""]","[""Agent interface"", ""RAG-M08"", ""RAG-M08-N01"", ""knowledge API"", ""retrieval service"", ""兼容与变更""]",API、性能与生产部署 / 知识服务API、契约与Agent集成 / 兼容与变更,89830e8d-3db4-5629-86ce-7934ca68dae7,not_generated
b6f0b617-2ff6-5325-844c-c951020cef7a,a0691617-7aef-5cbb-999b-318ce930f4d5,RAG-M08-N02,RAG-M08,持久化、事务、缓存与一致性：存储分层,"知识点：持久化、事务、缓存与一致性
主题：存储分层
结构化权威记录放PostgreSQL，向量可由pgvector同库保存；PDF、图片和代码包放对象存储；Redis仅保存可重建的缓存、分布式锁或短期协调数据。
适用边界：客户端不持有数据库凭据；缓存必须可重建；激活版本切换需要事务与审计",3,True,0.95,"[""SRC-PGVECTOR-OFFICIAL"", ""SRC-NIST-AI-RMF""]",A,"[""RAG persistence"", ""database consistency"", ""cache invalidation""]","[""RAG persistence"", ""RAG-M08"", ""RAG-M08-N02"", ""cache invalidation"", ""database consistency"", ""存储分层""]",API、性能与生产部署 / 持久化、事务、缓存与一致性 / 存储分层,94db4c56-f8c0-5d83-a0e4-024836a08204,not_generated
254406ec-0569-599b-beda-b7393aa0e4fa,216cb12a-abee-5c74-a2e2-8ad16395fae0,RAG-M08-N02,RAG-M08,持久化、事务、缓存与一致性：写入所有权,"知识点：持久化、事务、缓存与一致性
主题：写入所有权
业务后端验证Agent建议后才写画像、资源和路径；知识构建流程写入候选版本，发布操作在事务中切换激活版本。Agent默认通过工具或内部API读取快照。
适用边界：客户端不持有数据库凭据；缓存必须可重建；激活版本切换需要事务与审计",3,True,0.95,"[""SRC-NIST-AI-RMF""]",A,"[""RAG persistence"", ""database consistency"", ""cache invalidation""]","[""RAG persistence"", ""RAG-M08"", ""RAG-M08-N02"", ""cache invalidation"", ""database consistency"", ""写入所有权""]",API、性能与生产部署 / 持久化、事务、缓存与一致性 / 写入所有权,dc87905a-62ac-57ca-a17e-00b379d9a11a,not_generated
8f1d0eac-5952-57d6-bfd7-a0ffd52906ad,83d3d7ce-7589-50b3-ae42-99e860593e20,RAG-M08-N02,RAG-M08,持久化、事务、缓存与一致性：缓存键,"知识点：持久化、事务、缓存与一致性
主题：缓存键
检索缓存必须包含知识版本、规范化查询、权限过滤、策略和参数。缺少版本或权限会返回过期或越权结果。发布新版本后可自然使用新键并逐步清理旧缓存。
适用边界：客户端不持有数据库凭据；缓存必须可重建；激活版本切换需要事务与审计",3,True,0.95,"[""SRC-NIST-AI-RMF""]",A,"[""RAG persistence"", ""database consistency"", ""cache invalidation""]","[""RAG persistence"", ""RAG-M08"", ""RAG-M08-N02"", ""cache invalidation"", ""database consistency"", ""缓存键""]",API、性能与生产部署 / 持久化、事务、缓存与一致性 / 缓存键,20737049-f838-5977-8626-946a9fb9daa4,not_generated
90c14f77-5b44-55f0-be1b-f1a032df687b,e5980c5c-382b-51b1-a425-0f896e0d688e,RAG-M08-N02,RAG-M08,持久化、事务、缓存与一致性：事件一致性,"知识点：持久化、事务、缓存与一致性
主题：事件一致性
工作流状态和关键事件应持久化，Redis消息不能作为唯一真相。可使用事务外盒或幂等消费确保数据库状态与异步任务之间最终一致。
适用边界：客户端不持有数据库凭据；缓存必须可重建；激活版本切换需要事务与审计",3,True,0.95,"[""SRC-NIST-AI-RMF""]",A,"[""RAG persistence"", ""database consistency"", ""cache invalidation""]","[""RAG persistence"", ""RAG-M08"", ""RAG-M08-N02"", ""cache invalidation"", ""database consistency"", ""事件一致性""]",API、性能与生产部署 / 持久化、事务、缓存与一致性 / 事件一致性,a5a15468-f722-57f4-890e-e4df4fcf103f,not_generated
4a959757-1160-55bc-8ca1-289952bdd833,8d9b1474-edc1-5907-9284-c13592082a29,RAG-M08-N03,RAG-M08,性能、批处理、缓存与容量规划：容量变量,"知识点：性能、批处理、缓存与容量规划
主题：容量变量
容量模型至少考虑文档数、切片数、向量维度、索引大小、每日更新量、并发查询、候选池、重排调用和生成token。数据规模与查询模式共同决定瓶颈。
适用边界：性能优化不得突破质量下限；所有外部调用有超时；系统必须有背压和降级",4,False,0.85,"[""SRC-PGVECTOR-OFFICIAL""]",A,"[""RAG performance"", ""latency optimization"", ""capacity planning""]","[""RAG performance"", ""RAG-M08"", ""RAG-M08-N03"", ""capacity planning"", ""latency optimization"", ""容量变量""]",API、性能与生产部署 / 性能、批处理、缓存与容量规划 / 容量变量,83c97eae-b7cf-576e-84bd-ff4c1b7551f4,not_generated
1ca150e5-ccee-5010-ae89-129c6d3303d1,4c1d2fed-7251-5c77-8fb9-405983e2e002,RAG-M08-N03,RAG-M08,性能、批处理、缓存与容量规划：批处理与索引,"知识点：性能、批处理、缓存与容量规划
主题：批处理与索引
初次导入可批量生成嵌入并使用COPY加载，初始数据完成后再建近似索引通常更高效。增量更新需控制索引维护和版本一致性。
适用边界：性能优化不得突破质量下限；所有外部调用有超时；系统必须有背压和降级",4,False,0.85,"[""SRC-PGVECTOR-OFFICIAL""]",A,"[""RAG performance"", ""latency optimization"", ""capacity planning""]","[""RAG performance"", ""RAG-M08"", ""RAG-M08-N03"", ""capacity planning"", ""latency optimization"", ""批处理与索引""]",API、性能与生产部署 / 性能、批处理、缓存与容量规划 / 批处理与索引,01bb690b-33bc-5e7c-94ba-f1dfa61f0de6,not_generated
597dcaa0-b2c5-53e3-a597-fcd6e77f4be2,a7caef67-cf4a-5fc4-a770-9f695ad627f6,RAG-M08-N03,RAG-M08,性能、批处理、缓存与容量规划：并行与缓存,"知识点：性能、批处理、缓存与容量规划
主题：并行与缓存
关键词和向量召回可并行，重复查询可缓存检索结果，稳定文档可缓存嵌入。缓存命中不能绕过权限和版本；并行任务需设置总超时。
适用边界：性能优化不得突破质量下限；所有外部调用有超时；系统必须有背压和降级",4,False,0.85,"[""SRC-NIST-AI-RMF""]",A,"[""RAG performance"", ""latency optimization"", ""capacity planning""]","[""RAG performance"", ""RAG-M08"", ""RAG-M08-N03"", ""capacity planning"", ""latency optimization"", ""并行与缓存""]",API、性能与生产部署 / 性能、批处理、缓存与容量规划 / 并行与缓存,8fdec3be-3a8e-5ca3-830f-33aca38337e5,not_generated
1de1008a-f28f-562f-bf35-1b730668a20f,fd6ae84e-23a4-5b44-85a7-d12f8246b9f4,RAG-M08-N03,RAG-M08,性能、批处理、缓存与容量规划：降级策略,"知识点：性能、批处理、缓存与容量规划
主题：降级策略
重排超时可退回混合排名，生成模型不可用可返回已审核静态资源，向量路径失败可退回关键词检索。每种降级都应标记质量等级并记录事件。
适用边界：性能优化不得突破质量下限；所有外部调用有超时；系统必须有背压和降级",4,False,0.85,"[""SRC-NIST-AI-RMF""]",A,"[""RAG performance"", ""latency optimization"", ""capacity planning""]","[""RAG performance"", ""RAG-M08"", ""RAG-M08-N03"", ""capacity planning"", ""latency optimization"", ""降级策略""]",API、性能与生产部署 / 性能、批处理、缓存与容量规划 / 降级策略,c6e5eec7-d20e-5ceb-87ea-695e33f86014,not_generated
cc0a8100-4511-5c8e-895e-01693c62f155,0af1e8e2-843f-554e-af8f-c5115de5ccd8,RAG-M08-N04,RAG-M08,本地开发、容器部署、安全与运维：本地开发拓扑,"知识点：本地开发、容器部署、安全与运维
主题：本地开发拓扑
前端、业务后端、Agent Runtime、PostgreSQL/pgvector和Redis可在一台开发机运行。数据库数据卷、上传文件和密钥不提交Git，仓库只保存迁移、种子、契约和代码。
适用边界：密钥不进Git；内部端口不对公网；发布前必须验证备份和回滚",5,False,0.9,"[""SRC-PGVECTOR-OFFICIAL"", ""SRC-NIST-AI-RMF""]",A,"[""RAG deployment"", ""Docker Compose"", ""production hardening""]","[""Docker Compose"", ""RAG deployment"", ""RAG-M08"", ""RAG-M08-N04"", ""production hardening"", ""本地开发拓扑""]",API、性能与生产部署 / 本地开发、容器部署、安全与运维 / 本地开发拓扑,756503d9-f186-5f7e-866b-7b6273ad225f,not_generated
0d831f51-9738-5d32-ab45-e4bf764beb81,9ee66678-89ed-5378-b51f-57bc0edfe9a9,RAG-M08-N04,RAG-M08,本地开发、容器部署、安全与运维：服务边界,"知识点：本地开发、容器部署、安全与运维
主题：服务边界
浏览器只访问前端和Public API；Internal Agent API、数据库和Redis不向公网开放。后端负责身份、权限、权威写入和Agent结果采纳。
适用边界：密钥不进Git；内部端口不对公网；发布前必须验证备份和回滚",5,False,0.9,"[""SRC-OWASP-PROMPT-INJECTION"", ""SRC-NIST-AI-RMF""]",A,"[""RAG deployment"", ""Docker Compose"", ""production hardening""]","[""Docker Compose"", ""RAG deployment"", ""RAG-M08"", ""RAG-M08-N04"", ""production hardening"", ""服务边界""]",API、性能与生产部署 / 本地开发、容器部署、安全与运维 / 服务边界,f67a958e-7b16-5460-95ae-ddd9c9e0b1e2,not_generated
e05accf0-034c-5292-9eba-a01d5dbfd8c1,cceb5911-0533-57ae-8400-8f5f80f11680,RAG-M08-N04,RAG-M08,本地开发、容器部署、安全与运维：配置与密钥,"知识点：本地开发、容器部署、安全与运维
主题：配置与密钥
API Key、数据库密码和对象存储凭据通过环境变量或密钥管理注入，日志和错误响应不得回显。不同环境使用独立配置和最小权限账号。
适用边界：密钥不进Git；内部端口不对公网；发布前必须验证备份和回滚",5,False,0.9,"[""SRC-OWASP-PROMPT-INJECTION""]",A,"[""RAG deployment"", ""Docker Compose"", ""production hardening""]","[""Docker Compose"", ""RAG deployment"", ""RAG-M08"", ""RAG-M08-N04"", ""production hardening"", ""配置与密钥""]",API、性能与生产部署 / 本地开发、容器部署、安全与运维 / 配置与密钥,055d25e4-9609-522d-a43c-a2f8234e3a06,not_generated
b9e5936b-a6af-51b2-bc0b-c143d2a59338,58052dfe-4dc7-5155-a507-14fde93333d3,RAG-M08-N04,RAG-M08,本地开发、容器部署、安全与运维：发布与恢复,"知识点：本地开发、容器部署、安全与运维
主题：发布与恢复
上线前执行数据库迁移演练、备份恢复、知识版本回滚、模型不可用降级、健康检查和全量回归。演示环境准备固定数据和离线回放，避免网络波动破坏展示。
适用边界：密钥不进Git；内部端口不对公网；发布前必须验证备份和回滚",5,False,0.9,"[""SRC-NIST-AI-RMF"", ""SRC-COMPETITION-XH-202630""]",A,"[""RAG deployment"", ""Docker Compose"", ""production hardening""]","[""Docker Compose"", ""RAG deployment"", ""RAG-M08"", ""RAG-M08-N04"", ""production hardening"", ""发布与恢复""]",API、性能与生产部署 / 本地开发、容器部署、安全与运维 / 发布与恢复,a7b198b0-db05-5ee0-b038-df131715034f,not_generated
